step_points,gap,middle_points,middle_average,delta_w,fdelta_w,voltage_set
,,,1550.02496,-0.0001455,0,0
1057,62,1088,1550.024814,-0.0001455,-0.0001455,0.1
1119,61,1149,1550.024669,-0.0001495,-0.0002905,0.2
1180,56,1208,1550.024519,-0.0001515,-0.0004405,0.3
1236,60,1266,1550.024368,-0.000163,-0.0005915,0.4
1296,58,1325,1550.024205,-0.0001605,-0.0007545,0.5
1354,60,1384,1550.024045,-0.000153,-0.0009145,0.6
1414,57,1442,1550.023892,-0.0001525,-0.0010675,0.7
1471,58,1500,1550.023739,-0.0001565,-0.0012205,0.8
1529,61,1559,1550.023583,-0.000161,-0.0013765,0.9
1590,57,1618,1550.023422,-0.000163,-0.0015375,1
1647,61,1677,1550.023259,-0.00016,-0.0017005,1.1
1708,60,1738,1550.023098,-0.000164,-0.0018615,1.2
1768,60,1798,1550.022934,-0.0001615,-0.0020255,1.3
1828,57,1856,1550.022773,-0.0001515,-0.0021865,1.4
1885,58,1914,1550.022621,-0.00015,-0.0023385,1.5
1943,57,1971,1550.022472,-0.0001605,-0.0024875,1.6
2000,60,2030,1550.022311,-0.000162,-0.0026485,1.7
2060,61,2090,1550.022149,-0.000162,-0.0028105,1.8
2121,61,2151,1550.021987,-0.0001655,-0.0029725,1.9
2182,57,2210,1550.021822,-0.000171,-0.0031375,2
2239,61,2269,1550.02165,-0.000177,-0.0033095,2.1
2300,61,2330,1550.021473,-0.000169,-0.0034865,2.2
2361,62,2392,1550.021305,-0.0001685,-0.0036545,2.3
2423,61,2453,1550.021136,-0.000172,-0.0038235,2.4
2484,59,2513,1550.020964,-0.000184,-0.0039955,2.5
2543,62,2574,1550.02078,-0.000185,-0.0041795,2.6
2605,62,2636,1550.020595,-0.000186,-0.0043645,2.7
2667,62,2698,1550.020409,-0.000187,-0.0045505,2.8
2729,67,2762,1550.020222,-0.000183,-0.0047375,2.9
2796,66,2829,1550.020039,-0.0001705,-0.0049205,3
2862,61,2892,1550.019869,-0.0001835,-0.0050905,3.1
2923,74,2960,1550.019685,-0.0001885,-0.0052745,3.2
2997,61,3027,1550.019496,-0.0001955,-0.0054635,3.3
3058,65,3090,1550.019301,-0.0001955,-0.0056585,3.4
3123,62,3154,1550.019106,-0.0001965,-0.0058535,3.5
3185,63,3216,1550.018909,-0.000196,-0.0060505,3.6
3248,63,3279,1550.018713,-0.0001855,-0.0062465,3.7
3311,64,3343,1550.018528,-0.0001795,-0.0064315,3.8
3375,63,3406,1550.018348,-0.0001875,-0.0066115,3.9
3438,64,3470,1550.01816,-0.000194,-0.0067995,4
3502,61,3532,1550.017967,-0.0002035,-0.0069925,4.1
3563,70,3598,1550.017763,-0.0001975,-0.0071965,4.2
3633,64,3665,1550.017566,-0.000204,-0.0073935,4.3
3697,69,3731,1550.017362,-0.0001915,-0.0075975,4.4
3766,63,3797,1550.01717,-0.0001905,-0.0077895,4.5
3829,68,3863,1550.01698,-0.000197,-0.0079795,4.6
3897,66,3930,1550.016782,-0.0002085,-0.0081775,4.7
3963,63,3994,1550.016574,-0.000212,-0.0083855,4.8
4026,62,4057,1550.016362,-0.0002105,-0.0085975,4.9
4088,62,4119,1550.016151,-0.000217,-0.0088085,5
4150,64,4182,1550.015935,-0.0001995,-0.0090245,5.1
4214,62,4245,1550.015735,-0.000192,-0.0092245,5.2
4276,67,4309,1550.015543,-0.0001945,-0.0094165,5.3
4343,64,4375,1550.015348,-0.0002065,-0.0096115,5.4
4407,65,4439,1550.015142,-0.0002125,-0.0098175,5.5
4472,64,4504,1550.01493,-0.000219,-0.0100295,5.6
4536,62,4567,1550.01471,-0.000218,-0.0102495,5.7
4598,62,4629,1550.014493,-0.0001975,-0.0104665,5.8
4660,65,4692,1550.014295,-0.0001915,-0.0106645,5.9
4725,59,4754,1550.014104,-0.0001995,-0.0108555,6
4784,63,4815,1550.013904,-0.0002085,-0.0110555,6.1
4847,62,4878,1550.013695,-0.0002105,-0.0112645,6.2
4909,63,4940,1550.013485,-0.0002145,-0.0114745,6.3
4972,59,5001,1550.01327,-0.0002105,-0.0116895,6.4
5031,63,5062,1550.01306,-0.0001935,-0.0118995,6.5
5094,61,5124,1550.012866,-0.00019,-0.0120935,6.6
5155,60,5185,1550.012677,-0.0001895,-0.0122825,6.7
5215,59,5244,1550.012487,-0.0001995,-0.0124725,6.8
5274,65,5306,1550.012287,-0.0001985,-0.0126725,6.9
5339,60,5369,1550.012089,-0.000206,-0.0128705,7
5399,63,5430,1550.011883,-0.0001985,-0.0130765,7.1
5462,64,5494,1550.011684,-0.0001875,-0.0132755,7.2
5526,59,5555,1550.011497,-0.000178,-0.0134625,7.3
5585,60,5615,1550.011319,-0.0001885,-0.0136405,7.4
5645,60,5675,1550.01113,-0.0001885,-0.0138295,7.5
5705,63,5736,1550.010942,-0.0001865,-0.0140175,7.6
5768,61,5798,1550.010756,-0.00019,-0.0142035,7.7
5829,64,5861,1550.010565,-0.00019,-0.0143945,7.8
5893,61,5923,1550.010376,-0.0001845,-0.0145835,7.9
5954,65,5986,1550.010191,-0.000189,-0.0147685,8
6019,62,6050,1550.010002,-0.000191,-0.0149575,8.1
6081,64,6113,1550.009811,-0.000192,-0.0151485,8.2
6145,62,6176,1550.009619,-0.000188,-0.0153405,8.3
6207,61,6237,1550.009431,-0.000194,-0.0155285,8.4
6268,63,6299,1550.009237,-0.000195,-0.0157225,8.5
6331,66,6364,1550.009042,-0.0001895,-0.0159175,8.6
6397,63,6428,1550.008852,-0.000192,-0.0161075,8.7
6460,63,6491,1550.00866,-0.000192,-0.0162995,8.8
6523,62,6554,1550.008469,-0.000184,-0.0164905,8.9
6585,65,6617,1550.008285,-0.000181,-0.0166745,9
6650,62,6681,1550.008103,-0.000186,-0.0168565,9.1
6712,65,6744,1550.007918,-0.00019,-0.0170415,9.2
6777,61,6807,1550.007728,-0.000191,-0.0172315,9.3
6838,63,6869,1550.007536,-0.000194,-0.0174235,9.4
6901,64,6933,1550.007343,-0.000195,-0.0176165,9.5
6965,61,6995,1550.007148,-0.0001875,-0.0178115,9.6
7026,66,7059,1550.00696,-0.0001855,-0.0179995,9.7
7092,63,7123,1550.006775,-0.000182,-0.0181845,9.8
7155,65,7187,1550.006593,-0.0002,-0.0183665,9.9
7220,61,7250,1550.006392,-0.000191,-0.0185675,10
7281,66,7314,1550.006201,-0.000199,-0.0187585,10.1
7347,58,7376,1550.006003,-0.0001835,-0.0189565,10.2
7405,61,7435,1550.005819,-0.000176,-0.0191405,10.3
7466,60,7496,1550.005643,-0.000174,-0.0193165,10.4
7526,63,7557,1550.005469,-0.000175,-0.0194905,10.5
7589,60,7619,1550.005294,-0.0001905,-0.0196655,10.6
7649,62,7680,1550.005103,-0.0001995,-0.0198565,10.7
7711,59,7740,1550.004904,-0.000203,-0.0200555,10.8
7770,65,7802,1550.004701,-0.0001855,-0.0202585,10.9
7835,61,7865,1550.004515,-0.000184,-0.0204445,11
7896,62,7927,1550.004331,-0.0001855,-0.0206285,11.1
7958,59,7987,1550.004146,-0.0001905,-0.0208135,11.2
8017,61,8047,1550.003955,-0.0002015,-0.0210045,11.3
8078,58,8107,1550.003754,-0.000211,-0.0212055,11.4
8136,59,8165,1550.003543,-0.0001925,-0.0214165,11.5
8195,61,8225,1550.00335,-0.000187,-0.0216095,11.6
8256,60,8286,1550.003164,-0.000182,-0.0217955,11.7
8316,63,8347,1550.002982,-0.000192,-0.0219775,11.8
8379,63,8410,1550.002789,-0.0001975,-0.0221705,11.9
8442,60,8472,1550.002592,-0.000236,-0.0223675,12
8502,61,8532,1550.002356,-0.0002065,-0.0226035,12.1
8563,60,8593,1550.00215,-0.0001885,-0.0228095,12.2
8623,61,8653,1550.001961,-0.0001725,-0.0229985,12.3
8684,64,8716,1550.001788,-0.0001945,-0.0231715,12.4
8748,60,8778,1550.001594,-0.0002,-0.0233655,12.5
8808,62,8839,1550.001394,-0.0002065,-0.0235655,12.6
8870,58,8899,1550.001187,-0.0002215,-0.0237725,12.7
8928,65,8960,1550.000966,-0.000204,-0.0239935,12.8
8993,61,9023,1550.000762,-0.0001905,-0.0241975,12.9
9054,61,9084,1550.000572,-0.000204,-0.0243875,13
9115,58,9144,1550.000367,-0.0002115,-0.0245925,13.1
9173,66,9206,1550.000156,-0.0002245,-0.0248035,13.2
9239,56,9267,1549.999931,-0.000227,-0.0250285,13.3
9295,60,9325,1549.999705,-0.000213,-0.0252545,13.4
9355,56,9383,1549.999491,-0.000198,-0.0254685,13.5
9411,60,9441,1549.999293,-0.0002095,-0.0256665,13.6
9471,60,9501,1549.999084,-0.000219,-0.0258755,13.7
9531,57,9559,1549.998865,-0.000233,-0.0260945,13.8
9588,63,9619,1549.998632,-0.000238,-0.0263275,13.9
9651,58,9680,1549.998394,-0.0002375,-0.0265655,14
9709,62,9740,1549.998157,-0.000215,-0.0268025,14.1
9771,56,9799,1549.997942,-0.000222,-0.0270175,14.2
9827,59,9856,1549.997719,-0.00023,-0.0272405,14.3
9886,56,9914,1549.99749,-0.000237,-0.0274695,14.4
9942,60,9972,1549.997253,-0.000235,-0.0277065,14.5
10002,57,10030,1549.997017,-0.0002225,-0.0279425,14.6
10059,60,10089,1549.996795,-0.0001905,-0.0281645,14.7
10119,59,10148,1549.996604,-0.000202,-0.0283555,14.8
10178,64,10210,1549.996403,-0.000208,-0.0285565,14.9
10242,60,10272,1549.996195,-0.000227,-0.0287645,15
10302,70,10337,1549.995968,-0.0002275,-0.0289915,15.1
10372,61,10402,1549.99574,-0.000222,-0.0292195,15.2
10433,64,10465,1549.995518,-0.000202,-0.0294415,15.3
10497,66,10530,1549.995316,-0.000201,-0.0296435,15.4
10563,66,10596,1549.995115,-0.0002105,-0.0298445,15.5
10629,64,10661,1549.994905,-0.0002275,-0.0300545,15.6
10693,67,10726,1549.994677,-0.000226,-0.0302825,15.7
10760,64,10792,1549.994451,0.0002265,-0.0305085,15.8
10824,67,10857,1549.994678,-0.000184,-0.0302815,15.9
10891,63,10922,1549.994494,-0.000192,-0.0304655,16
10954,67,10987,1549.994301,-0.000233,-0.0306585,16.1
11021,69,11055,1549.994069,-0.000239,-0.0308905,16.2
11090,76,11128,1549.993829,-0.0002385,-0.0311305,16.3
11166,67,11199,1549.993591,-0.000219,-0.0313685,16.4
11233,65,11265,1549.993372,-0.0002005,-0.0315875,16.5
11298,69,11332,1549.993171,-0.0002065,-0.0317885,16.6
11367,65,11399,1549.992965,-0.000221,-0.0319945,16.7
11432,65,11464,1549.992744,-0.0002385,-0.0322155,16.8
11497,64,11529,1549.992506,-0.000235,-0.0324535,16.9
11561,68,11595,1549.99227,-0.000221,-0.0326895,17
11629,64,11661,1549.99205,-0.0001965,-0.0329095,17.1
11693,65,11725,1549.991853,-0.000207,-0.0331065,17.2
11758,60,11788,1549.991646,-0.00023,-0.0333135,17.3
11818,66,11851,1549.991416,-0.0002395,-0.0335435,17.4
11884,60,11914,1549.991177,-0.000235,-0.0337825,17.5
11944,66,11977,1549.990942,-0.000222,-0.0340175,17.6
12010,64,12042,1549.99072,-0.0002155,-0.0342395,17.7
12074,65,12106,1549.990504,-0.0002075,-0.0344555,17.8
12139,63,12170,1549.990297,-0.0002265,-0.0346625,17.9
12202,63,12233,1549.99007,-0.0002295,-0.0348895,18
12265,61,12295,1549.98984,-0.0002375,-0.0351195,18.1
12326,63,12357,1549.989603,-0.00022,-0.0353565,18.2
12389,64,12421,1549.989383,-0.0002085,-0.0355765,18.3
12453,61,12483,1549.989175,-0.0002105,-0.0357845,18.4
12514,67,12547,1549.988964,-0.000231,-0.0359955,18.5
12581,61,12611,1549.988733,-0.000248,-0.0362265,18.6
12642,62,12673,1549.988485,-0.0002445,-0.0364745,18.7
12704,65,12736,1549.98824,-0.000232,-0.0367195,18.8
12769,62,12800,1549.988009,-0.000232,-0.0369505,18.9
12831,62,12862,1549.987776,-0.0002315,-0.0371835,19
12893,62,12924,1549.987545,-0.000244,-0.0374145,19.1
12955,58,12984,1549.987301,-0.0002455,-0.0376585,19.2
13013,64,13045,1549.987055,-0.0002415,-0.0379045,19.3
13077,61,13107,1549.986814,-0.00022,-0.0381455,19.4
13138,61,13168,1549.986594,-0.000215,-0.0383655,19.5
13199,61,13229,1549.986379,-0.000222,-0.0385805,19.6
13260,65,13292,1549.986157,-0.000232,-0.0388025,19.7
13325,64,13357,1549.985925,-0.000242,-0.0390345,19.8
13389,59,13418,1549.985683,-0.0002385,-0.0392765,19.9
13448,57,13476,1549.985445,-0.0002305,-0.0395145,20
13505,65,13537,1549.985214,-0.000219,-0.0397455,20.1
13570,61,13600,1549.984995,-0.000225,-0.0399645,20.2
13631,64,13663,1549.98477,-0.0002345,-0.0401895,20.3
13695,59,13724,1549.984536,-0.0002335,-0.0404235,20.4
13754,60,13784,1549.984302,-0.0002265,-0.0406575,20.5
13814,65,13846,1549.984075,-0.000226,-0.0408845,20.6
13879,62,13910,1549.98385,-0.0002135,-0.0411095,20.7
13941,62,13972,1549.983636,-0.0002205,-0.0413235,20.8
14003,58,14032,1549.983416,-0.000236,-0.0415435,20.9
14061,63,14092,1549.983179,-0.0002455,-0.0417805,21
14124,60,14154,1549.982934,-0.000241,-0.0420255,21.1
14184,60,14214,1549.982693,-0.0002345,-0.0422665,21.2
14244,63,14275,1549.982458,-0.00023,-0.0425015,21.3
14307,61,14337,1549.982229,-0.000229,-0.0427305,21.4
14368,60,14398,1549.982,-0.0002495,-0.0429595,21.5
14428,61,14458,1549.98175,-0.0002505,-0.0432095,21.6
14489,59,14518,1549.981499,-0.0002455,-0.0434605,21.7
14548,63,14579,1549.981254,-0.000233,-0.0437055,21.8
14611,59,14640,1549.981021,-0.0002245,-0.0439385,21.9
14670,61,14700,1549.980797,-0.0002305,-0.0441625,22
14731,60,14761,1549.980566,-0.0002585,-0.0443935,22.1
14791,60,14821,1549.980307,-0.000246,-0.0446525,22.2
14851,57,14879,1549.980062,-0.0002485,-0.0448975,22.3
14908,63,14939,1549.979813,-0.0002335,-0.0451465,22.4
14971,59,15000,1549.979579,-0.0002245,-0.0453805,22.5
15030,61,15060,1549.979355,-0.000243,-0.0456045,22.6
15091,60,15121,1549.979112,-0.000244,-0.0458475,22.7
15151,64,15183,1549.978868,-0.000255,-0.0460915,22.8
15215,61,15245,1549.978613,-0.0002465,-0.0463465,22.9
15276,59,15305,1549.978367,-0.0002305,-0.0465925,23
15335,76,15373,1549.978136,-0.0002215,-0.0468235,23.1
15411,59,15440,1549.977915,-0.0002475,-0.0470445,23.2
15470,62,15501,1549.977667,-0.0002585,-0.0472925,23.3
15532,60,15562,1549.977408,-0.000252,-0.0475515,23.4
15592,60,15622,1549.977156,-0.000243,-0.0478035,23.5
15652,59,15681,1549.976914,-0.000221,-0.0480455,23.6
15711,61,15741,1549.976692,-0.0002315,-0.0482675,23.7
15772,58,15801,1549.976461,-0.000257,-0.0484985,23.8
15830,62,15861,1549.976204,-0.0002565,-0.0487555,23.9
15892,59,15921,1549.975948,-0.000254,-0.0490115,24
15951,63,15982,1549.975693,-0.0002255,-0.0492665,24.1
16014,59,16043,1549.975468,-0.0002155,-0.0494915,24.2
16073,63,16104,1549.975252,-0.000229,-0.0497075,24.3
16136,58,16165,1549.975024,-0.0002525,-0.0499355,24.4
16194,62,16225,1549.974771,-0.0002545,-0.0501885,24.5
16256,59,16285,1549.974517,-0.00024,-0.0504425,24.6
16315,61,16345,1549.974276,-0.000234,-0.0506835,24.7
16376,61,16406,1549.974043,-0.0002305,-0.0509165,24.8
16437,61,16467,1549.973812,-0.0002815,-0.0511475,24.9
16498,61,16528,1549.973531,-0.0003615,-0.0514285,25
16559,57,16587,1549.973169,-0.000184,-0.0517905,25.1
16616,61,16646,1549.972985,-0.000139,-0.0519745,25.2
16677,60,16707,1549.972846,-0.0002095,-0.0521135,25.3
16737,62,16768,1549.972637,-0.0002155,-0.0523225,25.4
16799,61,16829,1549.972421,-0.000234,-0.0525385,25.5
16860,60,16890,1549.972187,-0.0002455,-0.0527725,25.6
16920,60,16950,1549.971941,-0.000245,-0.0530185,25.7
16980,62,17011,1549.971696,-0.000225,-0.0532635,25.8
17042,60,17072,1549.971472,-0.000206,-0.0534875,25.9
17102,63,17133,1549.971265,-0.000213,-0.0536945,26
17165,60,17195,1549.971053,-0.000237,-0.0539065,26.1
17225,62,17256,1549.970815,-0.0002395,-0.0541445,26.2
17287,60,17317,1549.970576,-0.000231,-0.0543835,26.3
17347,61,17377,1549.970345,-0.0002105,-0.0546145,26.4
17408,63,17439,1549.970135,-0.0002,-0.0548245,26.5
17471,63,17502,1549.969934,-0.0002065,-0.0550255,26.6
17534,62,17565,1549.969728,-0.000237,-0.0552315,26.7
17596,60,17626,1549.969491,-0.0002515,-0.0554685,26.8
17656,59,17685,1549.969239,-0.0002375,-0.0557205,26.9
17715,60,17745,1549.969002,-0.000216,-0.0559575,27
17775,65,17807,1549.968786,-0.0002175,-0.0561735,27.1
17840,59,17869,1549.968569,-0.0002245,-0.0563905,27.2
17899,63,17930,1549.968344,-0.000254,-0.0566155,27.3
17962,60,17992,1549.96809,-0.0002535,-0.0568695,27.4
18022,62,18053,1549.967837,-0.000229,-0.0571225,27.5
18084,61,18114,1549.967608,-0.00022,-0.0573515,27.6
18145,62,18176,1549.967388,-0.000212,-0.0575715,27.7
18207,61,18237,1549.967176,-0.0002355,-0.0577835,27.8
18268,65,18300,1549.96694,-0.0002755,-0.0580195,27.9
18333,62,18364,1549.966664,-0.000266,-0.0582955,28
18395,63,18426,1549.966399,-0.000244,-0.0585605,28.1
18458,62,18489,1549.966155,-0.000236,-0.0588045,28.2
18520,63,18551,1549.965918,-0.000233,-0.0590415,28.3
18583,61,18613,1549.965686,-0.000274,-0.0592735,28.4
18644,62,18675,1549.965412,-0.00026,-0.0595475,28.5
18706,62,18737,1549.965152,-0.0002385,-0.0598075,28.6
18768,62,18799,1549.964913,-0.0002195,-0.0600465,28.7
18830,58,18859,1549.964694,-0.0002095,-0.0602655,28.8
18888,61,18918,1549.964484,-0.00023,-0.0604755,28.9
18949,60,18979,1549.964254,-0.0002615,-0.0607055,29
19009,60,19039,1549.963993,-0.000256,-0.0609665,29.1
19069,60,19099,1549.963736,-0.0002385,-0.0612235,29.2
19129,59,19158,1549.963498,-0.0002345,-0.0614615,29.3
19188,62,19219,1549.963264,-0.000236,-0.0616955,29.4
19250,58,19279,1549.963027,-0.0002525,-0.0619325,29.5
19308,64,19340,1549.962775,-0.000266,-0.0621845,29.6
19372,60,19402,1549.962509,-0.0002465,-0.0624505,29.7
19432,63,19463,1549.962263,-0.000237,-0.0626965,29.8
19495,60,19525,1549.962025,-0.00022,-0.0629345,29.9
19555,65,19587,1549.961806,-0.0002365,-0.0631535,30
19620,60,19650,1549.961569,-0.0002585,-0.0633905,30.1
19680,63,19711,1549.96131,-0.000267,-0.0636495,30.2
19743,61,19773,1549.961043,-0.0002615,-0.0639165,30.3
19804,63,19835,1549.960782,-0.000247,-0.0641775,30.4
19867,57,19895,1549.960535,-0.0002475,-0.0644245,30.5
19924,61,19954,1549.960287,-0.000255,-0.0646725,30.6
19985,58,20014,1549.960032,-0.0002685,-0.0649275,30.7
20043,61,20073,1549.959764,-0.0002595,-0.0651955,30.8
20104,56,20132,1549.959505,-0.0002535,-0.0654545,30.9
20160,64,20192,1549.959251,-0.0002345,-0.0657085,31
20224,60,20254,1549.959016,-0.0002435,-0.0659435,31.1
20284,62,20315,1549.958773,-0.0002575,-0.0661865,31.2
20346,65,20378,1549.958516,-0.0002715,-0.0664435,31.3
20411,60,20441,1549.958244,-0.000261,-0.0667155,31.4
20471,62,20502,1549.957983,-0.0002585,-0.0669765,31.5
20533,58,20562,1549.957724,-0.0002495,-0.0672355,31.6
20591,61,20621,1549.957475,-0.0002625,-0.0674845,31.7
20652,59,20681,1549.957213,-0.000267,-0.0677465,31.8
20711,64,20743,1549.956946,-0.0002685,-0.0680135,31.9
20775,60,20805,1549.956677,-0.0002565,-0.0682825,32
20835,62,20866,1549.95642,-0.00024,-0.0685395,32.1
20897,58,20926,1549.956181,-0.0002475,-0.0687785,32.2
20955,60,20985,1549.955933,-0.0002625,-0.0690265,32.3
21015,58,21044,1549.95567,-0.0002655,-0.0692895,32.4
21073,60,21103,1549.955405,-0.0002575,-0.0695545,32.5
21133,59,21162,1549.955147,-0.0002495,-0.0698125,32.6
21192,62,21223,1549.954898,-0.000239,-0.0700615,32.7
21254,59,21283,1549.954659,-0.0002515,-0.0703005,32.8
21313,63,21344,1549.954407,-0.0002505,-0.0705525,32.9
21376,64,21408,1549.954157,-0.000246,-0.0708025,33
21440,65,21472,1549.953911,-0.000237,-0.0710485,33.1
21505,57,21533,1549.953674,-0.0002375,-0.0712855,33.2
21562,57,21590,1549.953437,-0.000228,-0.0715225,33.3
21619,60,21649,1549.953209,-0.000245,-0.0717505,33.4
21679,57,21707,1549.952963,-0.0002305,-0.0719965,33.5
21736,64,21768,1549.952733,-0.0002405,-0.0722265,33.6
21800,61,21830,1549.952493,-0.0002325,-0.0724665,33.7
21861,65,21893,1549.95226,-0.000235,-0.0726995,33.8
21926,63,21957,1549.952025,-0.0002275,-0.0729345,33.9
21989,64,22021,1549.951797,-0.000242,-0.0731625,34
22053,59,22082,1549.951556,-0.0002515,-0.0734035,34.1
22112,67,22145,1549.951304,-0.0002485,-0.0736555,34.2
22179,65,22211,1549.951056,-0.0002455,-0.0739035,34.3
22244,69,22278,1549.95081,-0.0002275,-0.0741495,34.4
22313,59,22342,1549.950583,-0.0002265,-0.0743765,34.5
22372,63,22403,1549.950356,-0.0002395,-0.0746035,34.6
22435,57,22463,1549.950117,-0.0002525,-0.0748425,34.7
22492,62,22523,1549.949864,-0.0002495,-0.0750955,34.8
22554,58,22583,1549.949614,-0.000244,-0.0753455,34.9
22612,62,22643,1549.94937,-0.0002335,-0.0755895,35
22674,59,22703,1549.949137,-0.0002595,-0.0758225,35.1
22733,60,22763,1549.948878,-0.000256,-0.0760815,35.2
22793,59,22822,1549.948621,-0.000259,-0.0763385,35.3
22852,60,22882,1549.948362,-0.0002475,-0.0765975,35.4
22912,61,22942,1549.948115,-0.000233,-0.0768445,35.5
22973,63,23004,1549.947882,-0.000231,-0.0770775,35.6
23036,56,23064,1549.947651,-0.00025,-0.0773085,35.7
23092,58,23121,1549.947401,-0.00026,-0.0775585,35.8
23150,66,23183,1549.947141,-0.0002565,-0.0778185,35.9
23216,60,23246,1549.946884,-0.000249,-0.0780755,36
23276,61,23306,1549.946635,-0.000245,-0.0783245,36.1
23337,60,23367,1549.946391,-0.0002645,-0.0785685,36.2
23397,63,23428,1549.946126,-0.0002785,-0.0788335,36.3
23460,61,23490,1549.945848,-0.0002805,-0.0791115,36.4
23521,61,23551,1549.945567,-0.000265,-0.0793925,36.5
23582,62,23613,1549.945302,-0.000248,-0.0796575,36.6
23644,62,23675,1549.945054,-0.0002565,-0.0799055,36.7
23706,60,23736,1549.944798,-0.0002685,-0.0801615,36.8
23766,64,23798,1549.944529,-0.0002735,-0.0804305,36.9
23830,64,23862,1549.944256,-0.000264,-0.0807035,37
23894,62,23925,1549.943991,-0.000253,-0.0809685,37.1
23956,62,23987,1549.943738,-0.0002565,-0.0812215,37.2
24018,63,24049,1549.943482,-0.0002615,-0.0814775,37.3
24081,59,24110,1549.943221,-0.0002765,-0.0817385,37.4
24140,61,24170,1549.942944,-0.0002645,-0.0820155,37.5
24201,59,24230,1549.94268,-0.0002545,-0.0822795,37.6
24260,62,24291,1549.942425,-0.0002385,-0.0825345,37.7
24322,61,24352,1549.942186,-0.0002445,-0.0827735,37.8
24383,59,24412,1549.941942,-0.000245,-0.0830175,37.9
24442,64,24474,1549.941697,-0.000253,-0.0832625,38
24506,60,24536,1549.941444,-0.000236,-0.0835155,38.1
24566,63,24597,1549.941208,-0.0002395,-0.0837515,38.2
24629,60,24659,1549.940968,-0.0002375,-0.0839915,38.3
24689,66,24722,1549.940731,-0.0002565,-0.0842285,38.4
24755,59,24784,1549.940475,-0.0002665,-0.0844845,38.5
24814,63,24845,1549.940208,-0.0002565,-0.0847515,38.6
24877,62,24908,1549.939952,-0.0002525,-0.0850075,38.7
24939,62,24970,1549.939699,-0.000245,-0.0852605,38.8
25001,61,25031,1549.939454,-0.0002515,-0.0855055,38.9
25062,62,25093,1549.939203,-0.0002515,-0.0857565,39
25124,61,25154,1549.938951,-0.0002525,-0.0860085,39.1
25185,62,25216,1549.938698,-0.000245,-0.0862615,39.2
25247,61,25277,1549.938454,-0.0002455,-0.0865055,39.3
25308,64,25340,1549.938208,-0.000246,-0.0867515,39.4
25372,62,25403,1549.937962,-0.0002595,-0.0869975,39.5
25434,66,25467,1549.937702,-0.000258,-0.0872575,39.6
25500,63,25531,1549.937445,-0.0002645,-0.0875145,39.7
25563,62,25594,1549.93718,-0.0002535,-0.0877795,39.8
25625,66,25658,1549.936927,-0.0002505,-0.0880325,39.9
25691,61,25721,1549.936676,-0.0002545,-0.0882835,40
25752,66,25785,1549.936421,-0.000258,-0.0885385,40.1
25818,63,25849,1549.936164,-0.0002575,-0.0887955,40.2
25881,64,25913,1549.935906,-0.0002585,-0.0890535,40.3
25945,63,25976,1549.935647,-0.0002535,-0.0893125,40.4
26008,66,26041,1549.935394,-0.0002655,-0.0895655,40.5
26074,62,26105,1549.935129,-0.000264,-0.0898305,40.6
26136,65,26168,1549.934865,-0.000276,-0.0900945,40.7
26201,61,26231,1549.934589,-0.000273,-0.0903705,40.8
26262,65,26294,1549.934316,-0.000258,-0.0906435,40.9
26327,62,26358,1549.934057,-0.00027,-0.0909025,41
26389,65,26421,1549.933787,-0.000269,-0.0911725,41.1
26454,63,26485,1549.933518,-0.000275,-0.0914415,41.2
26517,65,26549,1549.933243,-0.0002675,-0.0917165,41.3
26582,60,26612,1549.932976,-0.000261,-0.0919835,41.4
26642,66,26675,1549.932715,-0.0002625,-0.0922445,41.5
26708,62,26739,1549.932453,-0.000264,-0.0925065,41.6
26770,64,26802,1549.932189,-0.000265,-0.0927705,41.7
26834,63,26865,1549.931923,-0.000259,-0.0930365,41.8
26897,64,26929,1549.931664,-0.000245,-0.0932955,41.9
26961,63,26992,1549.93142,-0.00025,-0.0935395,42
27024,62,27055,1549.93117,-0.0002485,-0.0937895,42.1
27086,64,27118,1549.930921,-0.000262,-0.0940385,42.2
27150,61,27180,1549.930659,-0.0002525,-0.0943005,42.3
27211,66,27244,1549.930407,-0.0002525,-0.0945525,42.4
27277,61,27307,1549.930154,-0.0002435,-0.0948055,42.5
27338,65,27370,1549.92991,-0.0002675,-0.0950495,42.6
27403,61,27433,1549.929643,-0.0002685,-0.0953165,42.7
27464,65,27496,1549.929375,-0.0002595,-0.0955845,42.8
27529,65,27561,1549.929115,-0.0002385,-0.0958445,42.9
27594,73,27630,1549.928877,-0.0002465,-0.0960825,43
27667,61,27697,1549.92863,-0.0002525,-0.0963295,43.1
27728,67,27761,1549.928378,-0.0002655,-0.0965815,43.2
27795,60,27825,1549.928112,-0.0002595,-0.0968475,43.3
27855,66,27888,1549.927853,-0.00025,-0.0971065,43.4
27921,62,27952,1549.927602,-0.000248,-0.0973575,43.5
27983,63,28014,1549.927354,-0.0002425,-0.0976055,43.6
28046,61,28076,1549.927112,-0.0002695,-0.0978475,43.7
28107,64,28139,1549.926843,-0.000261,-0.0981165,43.8
28171,65,28203,1549.926581,-0.000259,-0.0983785,43.9
28236,63,28267,1549.926322,-0.000244,-0.0986375,44
28299,63,28330,1549.926079,-0.0002385,-0.0988805,44.1
28362,61,28392,1549.92584,-0.00026,-0.0991195,44.2
28423,63,28454,1549.92558,-0.000262,-0.0993795,44.3
28486,60,28516,1549.925318,-0.0002565,-0.0996415,44.4
28546,64,28578,1549.925062,-0.000251,-0.0998975,44.5
28610,61,28640,1549.924811,-0.000235,-0.1001485,44.6
28671,65,28703,1549.924575,-0.000267,-0.1003845,44.7
28736,60,28766,1549.924308,-0.0002765,-0.1006515,44.8
28796,64,28828,1549.924032,-0.000278,-0.1009275,44.9
28860,60,28890,1549.923754,-0.0002695,-0.1012055,45
28920,64,28952,1549.923485,-0.000251,-0.1014745,45.1
28984,62,29015,1549.923234,-0.000275,-0.1017255,45.2
29046,64,29078,1549.922959,-0.000288,-0.1020005,45.3
29110,62,29141,1549.92267,-0.0002865,-0.1022895,45.4
29172,63,29203,1549.922384,-0.000269,-0.1025755,45.5
29235,61,29265,1549.922115,-0.00026,-0.1028445,45.6
29296,61,29326,1549.921855,-0.000263,-0.1031045,45.7
29357,62,29388,1549.921592,-0.000282,-0.1033675,45.8
29419,66,29452,1549.92131,-0.00028,-0.1036495,45.9
29485,60,29515,1549.92103,-0.000271,-0.1039295,46
29545,62,29576,1549.920759,-0.000247,-0.1042005,46.1
29607,62,29638,1549.920512,-0.0002615,-0.1044475,46.2
29669,59,29698,1549.92025,-0.000281,-0.1047095,46.3
29728,63,29759,1549.919969,-0.0003085,-0.1049905,46.4
29791,60,29821,1549.919661,-0.0002805,-0.1052985,46.5
29851,63,29882,1549.91938,-0.000265,-0.1055795,46.6
29914,61,29944,1549.919115,-0.0002655,-0.1058445,46.7
29975,65,30007,1549.91885,-0.000271,-0.1061095,46.8
30040,64,30072,1549.918579,-0.0002685,-0.1063805,46.9
30104,66,30137,1549.918311,-0.0002835,-0.1066485,47
30170,64,30202,1549.918027,-0.0002455,-0.1069325,47.1
30234,65,30266,1549.917781,-0.000251,-0.1071785,47.2
30299,60,30329,1549.91753,-0.000287,-0.1074295,47.3
30359,63,30390,1549.917243,-0.000276,-0.1077165,47.4
30422,60,30452,1549.916967,-0.0002795,-0.1079925,47.5
30482,64,30514,1549.916688,-0.0002425,-0.1082715,47.6
30546,60,30576,1549.916446,-0.000249,-0.1085135,47.7
30606,66,30639,1549.916196,-0.0002695,-0.1087635,47.8
30672,60,30702,1549.915927,-0.0002765,-0.1090325,47.9
30732,64,30764,1549.91565,-0.000262,-0.1093095,48
30796,62,30827,1549.915388,-0.0002275,-0.1095715,48.1
30858,61,30888,1549.915161,-0.000214,-0.1097985,48.2
30919,63,30950,1549.914947,-0.0002595,-0.1100125,48.3
30982,61,31012,1549.914688,-0.0002665,-0.1102715,48.4
31043,65,31075,1549.914421,-0.000265,-0.1105385,48.5
31108,59,31137,1549.914156,-0.0002355,-0.1108035,48.6
31167,64,31199,1549.91392,-0.0002215,-0.1110395,48.7
31231,61,31261,1549.913699,-0.000261,-0.1112605,48.8
31292,64,31324,1549.913438,-0.0002845,-0.1115215,48.9
31356,61,31386,1549.913154,-0.0002725,-0.1118055,49
31417,65,31449,1549.912881,-0.0002395,-0.1120785,49.1
31482,61,31512,1549.912641,-0.0002215,-0.1123185,49.2
31543,64,31575,1549.91242,-0.0002435,-0.1125395,49.3
31607,63,31638,1549.912176,-0.000287,-0.1127835,49.4
31670,65,31702,1549.911889,-0.0002785,-0.1130705,49.5
31735,61,31765,1549.911611,-0.0002565,-0.1133485,49.6
31796,64,31828,1549.911354,-0.0002335,-0.1136055,49.7
31860,62,31891,1549.911121,-0.000261,-0.1138385,49.8
31922,64,31954,1549.91086,-0.00029,-0.1140995,49.9
31986,60,32016,1549.91057,-0.0002845,-0.1143895,50
32046,61,32076,1549.910286,-0.0002555,-0.1146735,50.1
32107,66,32140,1549.91003,-0.0002425,-0.1149295,50.2
32173,62,32204,1549.909788,-0.00024,-0.1151715,50.3
32235,61,32265,1549.909548,-0.000274,-0.1154115,50.4
32296,63,32327,1549.909274,-0.000275,-0.1156855,50.5
32359,65,32391,1549.908999,-0.0002575,-0.1159605,50.6
32424,61,32454,1549.908741,-0.0002465,-0.1162185,50.7
32485,68,32519,1549.908495,-0.00026,-0.1164645,50.8
32553,61,32583,1549.908235,-0.000284,-0.1167245,50.9
32614,67,32647,1549.907951,-0.000299,-0.1170085,51
32681,66,32714,1549.907652,-0.0002725,-0.1173075,51.1
32747,65,32779,1549.907379,-0.0002585,-0.1175805,51.2
32812,61,32842,1549.907121,-0.0002695,-0.1178385,51.3
32873,65,32905,1549.906851,-0.0002765,-0.1181085,51.4
32938,61,32968,1549.906574,-0.000285,-0.1183855,51.5
32999,65,33031,1549.906289,-0.000263,-0.1186705,51.6
33064,65,33096,1549.906026,-0.00025,-0.1189335,51.7
33129,69,33163,1549.905777,-0.000258,-0.1191825,51.8
33198,65,33230,1549.905519,-0.0002745,-0.1194405,51.9
33263,62,33294,1549.905244,-0.0002765,-0.1197155,52
33325,65,33357,1549.904968,-0.000267,-0.1199915,52.1
33390,64,33422,1549.9047,-0.000255,-0.1202595,52.2
33454,66,33487,1549.904445,-0.000261,-0.1205145,52.3
33520,64,33552,1549.904185,-0.000265,-0.1207745,52.4
33584,68,33618,1549.90392,-0.000274,-0.1210395,52.5
33652,63,33683,1549.903646,-0.0002575,-0.1213135,52.6
33715,67,33748,1549.903388,-0.000254,-0.1215715,52.7
33782,64,33814,1549.903134,-0.0002645,-0.1218255,52.8
33846,74,33883,1549.902869,-0.000264,-0.1220905,52.9
33920,63,33951,1549.902606,-0.0002875,-0.1223535,53
33983,66,34016,1549.902318,-0.0002705,-0.1226415,53.1
34049,64,34081,1549.902048,-0.00027,-0.1229115,53.2
34113,66,34146,1549.901778,-0.0002705,-0.1231815,53.3
34179,65,34211,1549.901507,-0.000281,-0.1234525,53.4
34244,67,34277,1549.901226,-0.000298,-0.1237335,53.5
34311,65,34343,1549.900928,-0.0002915,-0.1240315,53.6
34376,64,34408,1549.900637,-0.0002695,-0.1243225,53.7
34440,65,34472,1549.900367,-0.0002875,-0.1245925,53.8
34505,66,34538,1549.900079,-0.0002905,-0.1248805,53.9
34571,64,34603,1549.899789,-0.000308,-0.1251705,54
34635,66,34668,1549.899481,-0.000288,-0.1254785,54.1
34701,66,34734,1549.899193,-0.000272,-0.1257665,54.2
34767,65,34799,1549.898921,-0.000279,-0.1260385,54.3
34832,66,34865,1549.898642,-0.00029,-0.1263175,54.4
34898,62,34929,1549.898352,-0.0002945,-0.1266075,54.5
34960,66,34993,1549.898057,-0.000289,-0.1269025,54.6
35026,63,35057,1549.897769,-0.0002835,-0.1271905,54.7
35089,65,35121,1549.897485,-0.000287,-0.1274745,54.8
35154,64,35186,1549.897198,-0.000297,-0.1277615,54.9
35218,66,35251,1549.896901,-0.0002985,-0.1280585,55
35284,63,35315,1549.896603,-0.000298,-0.1283565,55.1
35347,66,35380,1549.896305,-0.000278,-0.1286545,55.2
35413,62,35444,1549.896027,-0.000286,-0.1289325,55.3
35475,64,35507,1549.895741,-0.0002945,-0.1292185,55.4
35539,61,35569,1549.895446,-0.0002965,-0.1295135,55.5
35600,62,35631,1549.89515,-0.0002825,-0.1298095,55.6
35662,63,35693,1549.894867,-0.0002745,-0.1300925,55.7
35725,69,35759,1549.894593,-0.000271,-0.1303665,55.8
35794,61,35824,1549.894321,-0.0002875,-0.1306385,55.9
35855,64,35887,1549.894034,-0.0002845,-0.1309255,56
35919,73,35955,1549.893749,-0.000268,-0.1312105,56.1
35992,73,36028,1549.893481,-0.000274,-0.1314785,56.2
36065,65,36097,1549.893207,-0.000276,-0.1317525,56.3
36130,69,36164,1549.892931,-0.0002555,-0.1320285,56.4
36199,66,36232,1549.892676,-0.0002595,-0.1322835,56.5
36265,63,36296,1549.892417,-0.000263,-0.1325425,56.6
36328,67,36361,1549.892154,-0.0002555,-0.1328055,56.7
36395,64,36427,1549.891898,-0.000246,-0.1330615,56.8
36459,69,36493,1549.891652,-0.0002495,-0.1333075,56.9
36528,65,36560,1549.891403,-0.0002605,-0.1335565,57
36593,64,36625,1549.891142,-0.0002645,-0.1338175,57.1
36657,62,36688,1549.890877,-0.0002635,-0.1340825,57.2
36719,65,36751,1549.890614,-0.000252,-0.1343455,57.3
36784,63,36815,1549.890362,-0.000248,-0.1345975,57.4
36847,63,36878,1549.890114,-0.0002505,-0.1348455,57.5
36910,61,36940,1549.889863,-0.000271,-0.1350965,57.6
36971,67,37004,1549.889592,-0.000253,-0.1353675,57.7
37038,62,37069,1549.88934,-0.000247,-0.1356195,57.8
37100,65,37132,1549.889093,-0.0002315,-0.1358665,57.9
37165,63,37196,1549.888861,-0.0002585,-0.1360985,58
37228,65,37260,1549.888602,-0.0002655,-0.1363575,58.1
37293,62,37324,1549.888337,-0.000264,-0.1366225,58.2
37355,61,37385,1549.888073,-0.0002445,-0.1368865,58.3
37416,66,37449,1549.887828,-0.000232,-0.1371315,58.4
37482,62,37513,1549.887596,-0.0002455,-0.1373635,58.5
37544,64,37576,1549.887351,-0.000262,-0.1376085,58.6
37608,63,37639,1549.887089,-0.000247,-0.1378705,58.7
37671,66,37704,1549.886842,-0.0002365,-0.1381175,58.8
37737,61,37767,1549.886606,-0.000221,-0.1383535,58.9
37798,63,37829,1549.886385,-0.0002395,-0.1385745,59
37861,63,37892,1549.886145,-0.0002775,-0.1388145,59.1
37924,66,37957,1549.885867,-0.000268,-0.1390925,59.2
37990,61,38020,1549.8856,-0.0002425,-0.1393595,59.3
38051,65,38083,1549.885357,-0.0002365,-0.1396025,59.4
38116,63,38147,1549.88512,-0.000244,-0.1398395,59.5
38179,64,38211,1549.884877,-0.000272,-0.1400825,59.6
38243,67,38276,1549.884605,-0.0002685,-0.1403545,59.7
38310,66,38343,1549.884336,-0.000249,-0.1406235,59.8
38376,62,38407,1549.884087,-0.0002445,-0.1408725,59.9
38438,64,38470,1549.883842,-0.000248,-0.1411175,60
38502,66,38535,1549.883595,-0.0002725,-0.1413645,60.1
38568,65,38600,1549.883322,-0.0002685,-0.1416375,60.2
38633,65,38665,1549.883054,-0.0002405,-0.1419055,60.3
38698,79,38737,1549.882813,-0.0002515,-0.1421465,60.4
38777,61,38807,1549.882561,-0.000248,-0.1423985,60.5
38838,63,38869,1549.882314,-0.000258,-0.1426455,60.6
38901,64,38933,1549.882056,-0.0002775,-0.1429035,60.7
38965,63,38996,1549.881778,-0.000268,-0.1431815,60.8
39028,67,39061,1549.88151,-0.0002615,-0.1434495,60.9
39095,64,39127,1549.881248,-0.000269,-0.1437115,61
39159,65,39191,1549.880979,-0.000283,-0.1439805,61.1
39224,60,39254,1549.880696,-0.000292,-0.1442635,61.2
39284,64,39316,1549.880404,-0.000289,-0.1445555,61.3
39348,65,39380,1549.880115,-0.000271,-0.1448445,61.4
39413,68,39447,1549.879845,-0.000275,-0.1451145,61.5
39481,64,39513,1549.87957,-0.0002875,-0.1453895,61.6
39545,70,39580,1549.879282,-0.0003085,-0.1456775,61.7
39615,63,39646,1549.878974,-0.0002985,-0.1459855,61.8
39678,70,39713,1549.878675,-0.00028,-0.1462845,61.9
39748,64,39780,1549.878395,-0.000282,-0.1465645,62
39812,69,39846,1549.878113,-0.0002955,-0.1468465,62.1
39881,64,39913,1549.877817,-0.0003015,-0.1471425,62.2
39945,66,39978,1549.877516,-0.0002815,-0.1474435,62.3
40011,64,40043,1549.877234,-0.0002605,-0.1477255,62.4
40075,67,40108,1549.876974,-0.0002495,-0.1479855,62.5
40142,64,40174,1549.876725,-0.00028,-0.1482345,62.6
40206,68,40240,1549.876445,-0.000288,-0.1485145,62.7
40274,66,40307,1549.876157,-0.000272,-0.1488025,62.8
40340,74,40377,1549.875884,-0.0002535,-0.1490755,62.9
40414,69,40448,1549.875631,-0.000122,-0.1493285,63
40483,128,40547,1549.875509,-0.0001535,-0.1494505,63.1
40611,62,40642,1549.875355,-0.00026,-0.1496045,63.2
40673,66,40706,1549.875096,-0.000264,-0.1498635,63.3
40739,62,40770,1549.874832,-0.0002665,-0.1501275,63.4
40801,66,40834,1549.874565,-0.0002855,-0.1503945,63.5
40867,69,40901,1549.87428,-0.0002815,-0.1506795,63.6
40936,65,40968,1549.873998,-0.000269,-0.1509615,63.7
41001,63,41032,1549.873729,-0.000254,-0.1512305,63.8
41064,66,41097,1549.873475,-0.00026,-0.1514845,63.9
41130,65,41162,1549.873215,-0.0002815,-0.1517445,64
41195,66,41228,1549.872934,-0.0002755,-0.1520255,64.1
41261,65,41293,1549.872658,-0.000271,-0.1523015,64.2
41326,68,41360,1549.872387,-0.0002655,-0.1525725,64.3
41394,63,41425,1549.872122,-0.000269,-0.1528375,64.4
41457,65,41489,1549.871853,-0.0002805,-0.1531065,64.5
41522,65,41554,1549.871572,-0.000286,-0.1533875,64.6
41587,68,41621,1549.871286,-0.000273,-0.1536735,64.7
41655,66,41688,1549.871013,-0.00026,-0.1539465,64.8
41721,67,41754,1549.870753,-0.0002625,-0.1542065,64.9
41788,63,41819,1549.870491,-0.0002855,-0.1544685,65
41851,66,41884,1549.870205,-0.0002805,-0.1547545,65.1
41917,63,41948,1549.869925,-0.000271,-0.1550345,65.2
41980,61,42010,1549.869654,-0.000271,-0.1553055,65.3
42041,64,42073,1549.869383,-0.000275,-0.1555765,65.4
42105,65,42137,1549.869108,-0.0002915,-0.1558515,65.5
42170,69,42204,1549.868816,-0.0003045,-0.1561435,65.6
42239,64,42271,1549.868512,-0.00029,-0.1564475,65.7
42303,65,42335,1549.868222,-0.0002735,-0.1567375,65.8
42368,64,42400,1549.867948,-0.0002695,-0.1570115,65.9
42432,66,42465,1549.867678,-0.000292,-0.1572815,66
42498,64,42530,1549.867386,-0.0002805,-0.1575735,66.1
42562,67,42595,1549.867106,-0.0002765,-0.1578535,66.2
42629,63,42660,1549.866829,-0.0002515,-0.1581305,66.3
42692,70,42727,1549.866578,-0.000262,-0.1583815,66.4
42762,62,42793,1549.866316,-0.000289,-0.1586435,66.5
42824,67,42857,1549.866027,-0.0002845,-0.1589325,66.6
42891,65,42923,1549.865743,-0.000284,-0.1592165,66.7
42956,66,42989,1549.865459,-0.000259,-0.1595005,66.8
43022,62,43053,1549.8652,-0.0002615,-0.1597595,66.9
43084,65,43116,1549.864938,-0.000276,-0.1600215,67
43149,62,43180,1549.864662,-0.000288,-0.1602975,67.1
43211,64,43243,1549.864374,-0.0002725,-0.1605855,67.2
43275,63,43306,1549.864101,-0.0002535,-0.1608585,67.3
43338,64,43370,1549.863848,-0.0002625,-0.1611115,67.4
43402,66,43435,1549.863586,-0.000289,-0.1613735,67.5
43468,64,43500,1549.863297,-0.0002975,-0.1616625,67.6
43532,66,43565,1549.862999,-0.000288,-0.1619605,67.7
43598,62,43629,1549.862711,-0.000257,-0.1622485,67.8
43660,66,43693,1549.862454,-0.0002665,-0.1625055,67.9
43726,63,43757,1549.862188,-0.0002835,-0.1627715,68
43789,65,43821,1549.861904,-0.000298,-0.1630555,68.1
43854,63,43885,1549.861606,-0.000276,-0.1633535,68.2
43917,63,43948,1549.86133,-0.00026,-0.1636295,68.3
43980,60,44010,1549.86107,-0.0002755,-0.1638895,68.4
44040,63,44071,1549.860794,-0.0002995,-0.1641655,68.5
44103,60,44133,1549.860495,-0.000291,-0.1644645,68.6
44163,64,44195,1549.860204,-0.0002735,-0.1647555,68.7
44227,64,44259,1549.85993,-0.0002605,-0.1650295,68.8
44291,65,44323,1549.85967,-0.000266,-0.1652895,68.9
44356,60,44386,1549.859404,-0.0002935,-0.1655555,69
44416,64,44448,1549.859111,-0.0002835,-0.1658485,69.1
44480,59,44509,1549.858827,-0.000289,-0.1661325,69.2
44539,64,44571,1549.858538,-0.00026,-0.1664215,69.3
44603,59,44632,1549.858278,-0.0002845,-0.1666815,69.4
44662,68,44696,1549.857994,-0.0002875,-0.1669655,69.5
44730,62,44761,1549.857706,-0.0002755,-0.1672535,69.6
44792,64,44824,1549.857431,-0.000263,-0.1675285,69.7
44856,60,44886,1549.857167,-0.0002495,-0.1677925,69.8
44916,62,44947,1549.856918,-0.0002685,-0.1680415,69.9
44978,63,45009,1549.856649,-0.000296,-0.1683105,70
45041,61,45071,1549.856353,-0.0002685,-0.1686065,70.1
45102,65,45134,1549.856085,-0.000271,-0.1688745,70.2
45167,60,45197,1549.855814,-0.0002565,-0.1691455,70.3
45227,64,45259,1549.855558,-0.000284,-0.1694015,70.4
45291,63,45322,1549.855273,-0.000282,-0.1696865,70.5
45354,66,45387,1549.854991,-0.0002785,-0.1699685,70.6
45420,63,45451,1549.854713,-0.0002565,-0.1702465,70.7
45483,62,45514,1549.854456,-0.000254,-0.1705035,70.8
45545,61,45575,1549.854203,-0.0002745,-0.1707565,70.9
45606,60,45636,1549.853928,-0.0002825,-0.1710315,71
45666,59,45695,1549.853646,-0.0002705,-0.1713135,71.1
45725,68,45759,1549.853375,-0.0002475,-0.1715845,71.2
45793,60,45823,1549.853127,-0.000252,-0.1718325,71.3
45853,63,45884,1549.852875,-0.000269,-0.1720845,71.4
45916,65,45948,1549.852606,-0.0002885,-0.1723535,71.5
45981,64,46013,1549.852318,-0.0002585,-0.1726415,71.6
46045,62,46076,1549.85206,-0.000265,-0.1728995,71.7
46107,63,46138,1549.851795,-0.0003205,-0.1731645,71.8
46170,63,46201,1549.851474,-0.000186,-0.1734855,71.9
46233,69,46267,1549.851288,-0.000245,-0.1736715,72
46302,61,46332,1549.851043,-0.000252,-0.1739165,72.1
46363,68,46397,1549.850791,-0.000231,-0.1741685,72.2
46431,65,46463,1549.85056,-0.000239,-0.1743995,72.3
46496,65,46528,1549.850321,-0.0002655,-0.1746385,72.4
46561,60,46591,1549.850056,-0.0002785,-0.1749035,72.5
46621,66,46654,1549.849777,-0.000262,-0.1751825,72.6
46687,75,46724,1549.849515,-0.000257,-0.1754445,72.7
46762,68,46796,1549.849258,-0.000247,-0.1757015,72.8
46830,65,46862,1549.849011,-0.0002715,-0.1759485,72.9
46895,64,46927,1549.84874,-0.000285,-0.1762195,73
46959,72,46995,1549.848455,-0.000258,-0.1765045,73.1
47031,63,47062,1549.848197,-0.000252,-0.1767625,73.2
47094,70,47129,1549.847944,-0.0002475,-0.1770155,73.3
47164,65,47196,1549.847697,-0.0002845,-0.1772625,73.4
47229,73,47265,1549.847412,-0.0002975,-0.1775475,73.5
47302,64,47334,1549.847115,-0.0002845,-0.1778445,73.6
47366,71,47401,1549.84683,-0.00027,-0.1781295,73.7
47437,64,47469,1549.84656,-0.000258,-0.1783995,73.8
47501,66,47534,1549.846303,-0.0002805,-0.1786565,73.9
47567,65,47599,1549.846022,-0.000283,-0.1789375,74
47632,67,47665,1549.845739,-0.0002665,-0.1792205,74.1
47699,64,47731,1549.845473,-0.0002425,-0.1794865,74.2
47763,67,47796,1549.84523,-0.000239,-0.1797295,74.3
47830,63,47861,1549.844991,-0.0002765,-0.1799685,74.4
47893,81,47933,1549.844715,-0.0002865,-0.1802445,74.5
47974,66,48007,1549.844428,-0.0002865,-0.1805315,74.6
48040,67,48073,1549.844142,-0.0002595,-0.1808175,74.7
48107,66,48140,1549.843882,-0.000258,-0.1810775,74.8
48173,65,48205,1549.843624,-0.000279,-0.1813355,74.9
48238,64,48270,1549.843345,-0.000286,-0.1816145,75
48302,64,48334,1549.843059,-0.000269,-0.1819005,75.1
48366,68,48400,1549.84279,-0.000257,-0.1821695,75.2
48434,66,48467,1549.842533,-0.0002565,-0.1824265,75.3
48500,70,48535,1549.842277,-0.0002995,-0.1826825,75.4
48570,66,48603,1549.841977,-0.000293,-0.1829825,75.5
48636,65,48668,1549.841684,-0.000297,-0.1832755,75.6
48701,62,48732,1549.841387,-0.000261,-0.1835725,75.7
48763,73,48799,1549.841126,-0.000257,-0.1838335,75.8
48836,86,48879,1549.840869,-0.0002935,-0.1840905,75.9
48922,66,48955,1549.840576,-0.0002905,-0.1843835,76
48988,68,49022,1549.840285,-0.000284,-0.1846745,76.1
49056,73,49092,1549.840001,-0.0002495,-0.1849585,76.2
49129,89,49173,1549.839751,-0.000272,-0.1852085,76.3
49218,68,49252,1549.839479,-0.000307,-0.1854805,76.4
49286,64,49318,1549.839172,-0.000297,-0.1857875,76.5
49350,90,49395,1549.838875,-0.000291,-0.1860845,76.6
49440,77,49478,1549.838584,-0.000263,-0.1863755,76.7
49517,81,49557,1549.838322,-0.0002915,-0.1866375,76.8
49598,64,49630,1549.83803,-0.000302,-0.1869295,76.9
49662,73,49698,1549.837728,-0.0002785,-0.1872315,77
49735,88,49779,1549.837449,-0.0002835,-0.1875105,77.1
49823,89,49867,1549.837166,-0.000271,-0.1877935,77.2
49912,88,49956,1549.836895,-0.0002785,-0.1880645,77.3
50000,86,50043,1549.836616,-0.000289,-0.1883435,77.4
50086,62,50117,1549.836327,-0.0002905,-0.1886325,77.5
50148,65,50180,1549.836037,-0.000286,-0.1889225,77.6
50213,62,50244,1549.835751,-0.0002695,-0.1892085,77.7
50275,66,50308,1549.835481,-0.0002785,-0.1894785,77.8
50341,75,50378,1549.835203,-0.0002575,-0.1897565,77.9
50416,87,50459,1549.834946,-0.000262,-0.1900135,78
50503,68,50537,1549.834684,-0.000261,-0.1902755,78.1
50571,78,50610,1549.834422,-0.000244,-0.1905375,78.2
50649,65,50681,1549.834178,-0.00026,-0.1907815,78.3
50714,61,50744,1549.833919,-0.000262,-0.1910405,78.4
50775,76,50813,1549.833657,-0.0002685,-0.1913025,78.5
50851,64,50883,1549.833388,-0.000254,-0.1915715,78.6
50915,65,50947,1549.833134,-0.0002585,-0.1918255,78.7
50980,61,51010,1549.832875,-0.0002615,-0.1920845,78.8
51041,72,51077,1549.832614,-0.000423,-0.1923455,78.9
51113,61,51143,1549.832191,-0.00015,-0.1927685,79
51174,65,51206,1549.832041,-0.000223,-0.1929185,79.1
51239,59,51268,1549.831818,-0.0002375,-0.1931415,79.2
51298,85,51340,1549.83158,-0.000253,-0.1933795,79.3
51383,87,51426,1549.831328,-0.0002725,-0.1936315,79.4
51470,87,51513,1549.831055,-0.000267,-0.1939045,79.5
51557,83,51598,1549.830788,-0.000254,-0.1941715,79.6
51640,80,51680,1549.830534,-0.000248,-0.1944255,79.7
51720,83,51761,1549.830286,-0.00026,-0.1946735,79.8
51803,73,51839,1549.830026,-0.000286,-0.1949335,79.9
51876,62,51907,1549.82974,-0.000281,-0.1952195,80
51938,82,51979,1549.829459,-0.000266,-0.1955005,80.1
52020,72,52056,1549.829193,-0.0002385,-0.1957665,80.2
52092,84,52134,1549.828954,-0.00025,-0.1960055,80.3
52176,85,52218,1549.828704,-0.0002845,-0.1962555,80.4
52261,85,52303,1549.82842,-0.000272,-0.1965395,80.5
52346,60,52376,1549.828148,-0.0002485,-0.1968115,80.6
52406,62,52437,1549.8279,-0.000248,-0.1970595,80.7
52468,87,52511,1549.827651,-0.000274,-0.1973085,80.8
52555,86,52598,1549.827377,-0.000316,-0.1975825,80.9
52641,83,52682,1549.827062,-0.0002935,-0.1978975,81
52724,86,52767,1549.826768,-0.00026,-0.1981915,81.1
52810,66,52843,1549.826508,-0.000263,-0.1984515,81.2
52876,61,52906,1549.826245,-0.0002755,-0.1987145,81.3
52937,70,52972,1549.825969,-0.000326,-0.1989905,81.4
53007,72,53043,1549.825643,-0.000271,-0.1993165,81.5
53079,77,53117,1549.825372,-0.0002465,-0.1995875,81.6
53156,71,53191,1549.825126,-0.0002605,-0.1998335,81.7
53227,84,53269,1549.824866,-0.0002885,-0.2000935,81.8
53311,83,53352,1549.824577,-0.0003095,-0.2003825,81.9
53394,74,53431,1549.824268,-0.0002875,-0.2006915,82
53468,68,53502,1549.82398,-0.0002515,-0.2009795,82.1
53536,76,53574,1549.823729,-0.0002455,-0.2012305,82.2
53612,83,53653,1549.823483,-0.000268,-0.2014765,82.3
53695,77,53733,1549.823215,-0.0003015,-0.2017445,82.4
53772,81,53812,1549.822913,-0.000257,-0.2020465,82.5
53853,79,53892,1549.822657,-0.000232,-0.2023025,82.6
53932,85,53974,1549.822425,-0.0002425,-0.2025345,82.7
54017,82,54058,1549.822182,-0.000276,-0.2027775,82.8
54099,82,54140,1549.821906,-0.0002995,-0.2030535,82.9
54181,82,54222,1549.821606,-0.000268,-0.2033535,83
54263,66,54296,1549.821338,-0.000245,-0.2036215,83.1
54329,74,54366,1549.821094,-0.0002405,-0.2038655,83.2
54403,70,54438,1549.820853,-0.000266,-0.2041065,83.3
54473,83,54514,1549.820587,-0.000289,-0.2043725,83.4
54556,80,54596,1549.820298,-0.0002655,-0.2046615,83.5
54636,83,54677,1549.820032,-0.0002375,-0.2049275,83.6
54719,72,54755,1549.819795,-0.0002415,-0.2051645,83.7
54791,80,54831,1549.819554,-0.0002765,-0.2054055,83.8
54871,80,54911,1549.819277,-0.0002985,-0.2056825,83.9
54951,83,54992,1549.818979,-0.0002805,-0.2059805,84
55034,83,55075,1549.818698,-0.000243,-0.2062615,84.1
55117,83,55158,1549.818455,-0.0002405,-0.2065045,84.2
55200,71,55235,1549.818215,-0.000275,-0.2067445,84.3
55271,83,55312,1549.81794,-0.0002885,-0.2070195,84.4
55354,84,55396,1549.817651,-0.000273,-0.2073085,84.5
55438,84,55480,1549.817378,-0.0002395,-0.2075815,84.6
55522,79,55561,1549.817138,-0.0002485,-0.2078215,84.7
55601,86,55644,1549.81689,-0.000291,-0.2080695,84.8
55687,79,55726,1549.816599,-0.0002915,-0.2083605,84.9
55766,84,55808,1549.816307,-0.00029,-0.2086525,85
55850,79,55889,1549.816017,-0.000234,-0.2089425,85.1
55929,56,55957,1549.815784,-0.0002815,-0.2091755,85.2
55985,81,56025,1549.815502,-0.000289,-0.2094575,85.3
56066,77,56104,1549.815213,-0.000306,-0.2097465,85.4
56143,78,56182,1549.814907,-0.0002885,-0.2100525,85.5
56221,72,56257,1549.814619,-0.0002535,-0.2103405,85.6
56293,78,56332,1549.814365,-0.0002605,-0.2105945,85.7
56371,84,56413,1549.814104,-0.0002965,-0.2108555,85.8
56455,85,56497,1549.813808,-0.0003,-0.2111515,85.9
56540,86,56583,1549.813508,-0.0002695,-0.2114515,86
56626,85,56668,1549.813238,-0.000241,-0.2117215,86.1
56711,71,56746,1549.812997,-0.000265,-0.2119625,86.2
56782,78,56821,1549.812733,-0.0002725,-0.2122265,86.3
56860,72,56896,1549.81246,-0.000288,-0.2124995,86.4
56932,76,56970,1549.812172,-0.0002515,-0.2127875,86.5
57008,76,57046,1549.811921,-0.0002385,-0.2130385,86.6
57084,70,57119,1549.811682,-0.000252,-0.2132775,86.7
57154,85,57196,1549.81143,-0.000287,-0.2135295,86.8
57239,77,57277,1549.811143,-0.000271,-0.2138165,86.9
57316,74,57353,1549.810872,-0.0002415,-0.2140875,87
57390,67,57423,1549.810631,-0.000245,-0.2143285,87.1
57457,79,57496,1549.810385,-0.0002595,-0.2145745,87.2
57536,88,57580,1549.810126,-0.0002815,-0.2148335,87.3
57624,78,57663,1549.809845,-0.0002795,-0.2151145,87.4
57702,78,57741,1549.809565,-0.000248,-0.2153945,87.5
57780,75,57817,1549.809317,-0.0002405,-0.2156425,87.6
57855,86,57898,1549.809076,-0.000266,-0.2158835,87.7
57941,84,57983,1549.80881,-0.0002885,-0.2161495,87.8
58025,83,58066,1549.808522,-0.000264,-0.2164375,87.9
58108,76,58146,1549.808258,-0.0002365,-0.2167015,88
58184,73,58220,1549.808022,-0.0002395,-0.2169375,88.1
58257,83,58298,1549.807782,-0.000267,-0.2171775,88.2
58340,81,58380,1549.807515,-0.0002825,-0.2174445,88.3
58421,83,58462,1549.807232,-0.0002615,-0.2177275,88.4
58504,81,58544,1549.806971,-0.000243,-0.2179885,88.5
58585,80,58625,1549.806728,-0.0002455,-0.2182315,88.6
58665,80,58705,1549.806482,-0.0002745,-0.2184775,88.7
58745,83,58786,1549.806208,-0.000297,-0.2187515,88.8
58828,83,58869,1549.805911,-0.000272,-0.2190485,88.9
58911,82,58952,1549.805639,-0.000233,-0.2193205,89
58993,81,59033,1549.805406,-0.000247,-0.2195535,89.1
59074,79,59113,1549.805159,-0.0002765,-0.2198005,89.2
59153,80,59193,1549.804882,-0.0002995,-0.2200775,89.3
59233,84,59275,1549.804583,-0.000281,-0.2203765,89.4
59317,84,59359,1549.804302,-0.000259,-0.2206575,89.5
59401,80,59441,1549.804043,-0.0002735,-0.2209165,89.6
59481,86,59524,1549.803769,-0.0003025,-0.2211905,89.7
59567,76,59605,1549.803467,-0.000317,-0.2214925,89.8
59643,82,59684,1549.80315,-0.000292,-0.2218095,89.9
59725,82,59766,1549.802858,-0.0002625,-0.2221015,90
59807,74,59844,1549.802595,-0.0002615,-0.2223645,90.1
59881,79,59920,1549.802334,-0.000291,-0.2226255,90.2
59960,76,59998,1549.802043,-0.000301,-0.2229165,90.3
60036,78,60075,1549.801742,-0.00028,-0.2232175,90.4
60114,76,60152,1549.801462,-0.0002575,-0.2234975,90.5
60190,78,60229,1549.801204,-0.000261,-0.2237555,90.6
60268,78,60307,1549.800944,-0.0002875,-0.2240155,90.7
60346,76,60384,1549.800656,-0.0003155,-0.2243035,90.8
60422,78,60461,1549.80034,-0.0002895,-0.2246195,90.9
60500,75,60537,1549.800051,-0.0002725,-0.2249085,91
60575,78,60614,1549.799779,-0.0002555,-0.2251805,91.1
60653,79,60692,1549.799523,-0.000281,-0.2254365,91.2
60732,76,60770,1549.799242,-0.0002895,-0.2257175,91.3
60808,77,60846,1549.798953,-0.000268,-0.2260065,91.4
60885,75,60922,1549.798685,-0.0002475,-0.2262745,91.5
60960,74,60997,1549.798437,-0.0002435,-0.2265225,91.6
61034,75,61071,1549.798194,-0.0002755,-0.2267655,91.7
61109,74,61146,1549.797918,-0.000288,-0.2270415,91.8
61183,73,61219,1549.79763,-0.0002785,-0.2273295,91.9
61256,76,61294,1549.797352,-0.000247,-0.2276075,92
61332,72,61368,1549.797105,-0.0002415,-0.2278545,92.1
61404,75,61441,1549.796863,-0.0002625,-0.2280965,92.2
61479,74,61516,1549.7966,-0.0002625,-0.2283595,92.3
61553,73,61589,1549.796338,-0.0002455,-0.2286215,92.4
61626,76,61664,1549.796093,-0.000213,-0.2288665,92.5
61702,78,61741,1549.79588,-0.0002265,-0.2290795,92.6
61780,75,61817,1549.795653,-0.000258,-0.2293065,92.7
61855,76,61893,1549.795395,-0.000268,-0.2295645,92.8
61931,77,61969,1549.795127,-0.0002615,-0.2298325,92.9
62008,75,62045,1549.794865,-0.0002345,-0.2300945,93
62083,74,62120,1549.794631,-0.000227,-0.2303285,93.1
62157,75,62194,1549.794404,-0.0002725,-0.2305555,93.2
62232,72,62268,1549.794131,-0.0002775,-0.2308285,93.3
62304,76,62342,1549.793854,-0.000263,-0.2311055,93.4
62380,73,62416,1549.793591,-0.000232,-0.2313685,93.5
62453,76,62491,1549.793359,-0.000225,-0.2316005,93.6
62529,76,62567,1549.793134,-0.000271,-0.2318255,93.7
62605,74,62642,1549.792863,-0.000291,-0.2320965,93.8
62679,75,62716,1549.792572,-0.0002875,-0.2323875,93.9
62754,70,62789,1549.792284,-0.0002525,-0.2326755,94
62824,75,62861,1549.792032,-0.0002455,-0.2329275,94.1
62899,75,62936,1549.791786,-0.000283,-0.2331735,94.2
62974,68,63008,1549.791503,-0.000309,-0.2334565,94.3
63042,74,63079,1549.791195,-0.0002745,-0.2337645,94.4
63116,73,63152,1549.79092,-0.0002505,-0.2340395,94.5
63189,71,63224,1549.790669,-0.000236,-0.2342905,94.6
63260,75,63297,1549.790434,-0.000277,-0.2345255,94.7
63335,73,63371,1549.790157,-0.0003015,-0.2348025,94.8
63408,73,63444,1549.789855,-0.000296,-0.2351045,94.9
63481,75,63518,1549.789559,-0.0002685,-0.2354005,95
63556,76,63594,1549.789291,-0.00025,-0.2356685,95.1
63632,73,63668,1549.789041,-0.0002955,-0.2359185,95.2
63705,76,63743,1549.788745,-0.000298,-0.2362145,95.3
63781,73,63817,1549.788447,-0.000293,-0.2365125,95.4
63854,74,63891,1549.788154,-0.00026,-0.2368055,95.5
63928,74,63965,1549.787894,-0.0002525,-0.2370655,95.6
64002,76,64040,1549.787641,-0.00028,-0.2373185,95.7
64078,75,64115,1549.787361,-0.000294,-0.2375985,95.8
64153,74,64190,1549.787067,-0.0002895,-0.2378925,95.9
64227,80,64267,1549.786778,-0.000253,-0.2381815,96
64307,74,64344,1549.786525,-0.0002465,-0.2384345,96.1
64381,74,64418,1549.786279,-0.000256,-0.2386805,96.2
64455,80,64495,1549.786023,-0.0002605,-0.2389365,96.3
64535,75,64572,1549.785762,-0.000255,-0.2391975,96.4
64610,77,64648,1549.785507,-0.0002335,-0.2394525,96.5
64687,78,64726,1549.785274,-0.000227,-0.2396855,96.6
64765,76,64803,1549.785046,-0.000246,-0.2399135,96.7
64841,78,64880,1549.784801,-0.0002595,-0.2401585,96.8
64919,76,64957,1549.784541,-0.0002545,-0.2404185,96.9
64995,74,65032,1549.784286,-0.0002385,-0.2406735,97
65069,78,65108,1549.784048,-0.0002275,-0.2409115,97.1
65147,74,65184,1549.783821,-0.000245,-0.2411385,97.2
65221,76,65259,1549.783575,-0.0002555,-0.2413845,97.3
65297,75,65334,1549.78332,-0.0002645,-0.2416395,97.4
65372,76,65410,1549.783055,-0.000245,-0.2419045,97.5
65448,78,65487,1549.782811,-0.0002395,-0.2421485,97.6
65526,78,65565,1549.782571,-0.0002485,-0.2423885,97.7
65604,78,65643,1549.782322,-0.0002885,-0.2426375,97.8
65682,76,65720,1549.782034,-0.000292,-0.2429255,97.9
65758,75,65795,1549.781742,-0.000274,-0.2432175,98
65833,76,65871,1549.781468,-0.0002765,-0.2434915,98.1
65909,79,65948,1549.781191,-0.000285,-0.2437685,98.2
65988,79,66027,1549.780907,-0.0003025,-0.2440525,98.3
66067,77,66105,1549.780604,-0.000305,-0.2443555,98.4
66144,79,66183,1549.780299,-0.0002785,-0.2446605,98.5
66223,80,66263,1549.78002,-0.000264,-0.2449395,98.6
66303,75,66340,1549.779757,-0.0002775,-0.2452025,98.7
66378,78,66417,1549.779479,-0.0003175,-0.2454805,98.8
66456,77,66494,1549.779161,-0.000327,-0.2457985,98.9
66533,79,66572,1549.778834,-0.000305,-0.2461255,99
66612,80,66652,1549.778529,-0.0002885,-0.2464305,99.1
66692,81,66732,1549.778241,-0.0003195,-0.2467185,99.2
66773,78,66812,1549.777922,-0.0003485,-0.2470375,99.3
66851,81,66891,1549.777573,-0.00033,-0.2473865,99.4
66932,79,66971,1549.777243,-0.0003035,-0.2477165,99.5
67011,76,67049,1549.77694,-0.0002965,-0.2480195,99.6
67087,80,67127,1549.776643,-0.000319,-0.2483165,99.7
67167,79,67206,1549.776324,-0.0003325,-0.2486355,99.8
67246,80,67286,1549.775991,-0.000319,-0.2489685,99.9
67326,77,67364,1549.775672,-0.000288,-0.2492875,100
67403,81,67443,1549.775384,-0.000284,-0.2495755,100.1
67484,79,67523,1549.7751,-0.0002995,-0.2498595,100.2
67563,81,67603,1549.774801,-0.0002965,-0.2501585,100.3
67644,79,67683,1549.774504,-0.000276,-0.2504555,100.4
67723,80,67763,1549.774228,-0.0002545,-0.2507315,100.5
67803,84,67845,1549.773974,-0.0002495,-0.2509855,100.6
67887,82,67928,1549.773725,-0.0002575,-0.2512345,100.7
67969,82,68010,1549.773467,-0.000257,-0.2514925,100.8
68051,85,68093,1549.77321,-0.0002365,-0.2517495,100.9
68136,83,68177,1549.772973,-0.00022,-0.2519865,101
68219,82,68260,1549.772754,-0.0002225,-0.2522055,101.1
68301,83,68342,1549.772531,-0.0002465,-0.2524285,101.2
68384,83,68425,1549.772285,-0.000247,-0.2526745,101.3
68467,81,68507,1549.772038,-0.00023,-0.2529215,101.4
68548,83,68589,1549.771807,-0.000218,-0.2531525,101.5
68631,84,68673,1549.77159,-0.0002245,-0.2533695,101.6
68715,84,68757,1549.771365,-0.000237,-0.2535945,101.7
68799,83,68840,1549.771128,-0.0002445,-0.2538315,101.8
68882,84,68924,1549.770883,-0.000225,-0.2540765,101.9
68966,85,69008,1549.770658,-0.000209,-0.2543015,102
69051,83,69092,1549.77045,-0.000215,-0.2545095,102.1
69134,85,69176,1549.770235,-0.000235,-0.2547245,102.2
69219,83,69260,1549.77,-0.0002495,-0.2549595,102.3
69302,85,69344,1549.76975,-0.0002415,-0.2552095,102.4
69387,90,69432,1549.769508,-0.000223,-0.2554515,102.5
69477,84,69519,1549.769286,-0.0002215,-0.2556735,102.6
69561,84,69603,1549.769064,-0.000235,-0.2558955,102.7
69645,83,69686,1549.768829,-0.0002375,-0.2561305,102.8
69728,85,69770,1549.768591,-0.0002255,-0.2563685,102.9
69813,85,69855,1549.768366,-0.0002245,-0.2565935,103
69898,85,69940,1549.768142,-0.0002215,-0.2568175,103.1
69983,85,70025,1549.76792,-0.0002465,-0.2570395,103.2
70068,84,70110,1549.767674,-0.0002545,-0.2572855,103.3
70152,83,70193,1549.767419,-0.0002315,-0.2575405,103.4
70235,84,70277,1549.767187,-0.000234,-0.2577725,103.5
70319,85,70361,1549.766954,-0.00024,-0.2580055,103.6
70404,83,70445,1549.766714,-0.000252,-0.2582455,103.7
70487,85,70529,1549.766461,-0.0002675,-0.2584985,103.8
70572,85,70614,1549.766194,-0.0002535,-0.2587655,103.9
70657,87,70700,1549.765941,-0.000239,-0.2590185,104
70744,84,70786,1549.765702,-0.000265,-0.2592575,104.1
70828,86,70871,1549.765436,-0.0002775,-0.2595235,104.2
70914,85,70956,1549.765159,-0.000291,-0.2598005,104.3
70999,86,71042,1549.764868,-0.0002745,-0.2600915,104.4
71085,85,71127,1549.764593,-0.0002565,-0.2603665,104.5
71170,87,71213,1549.764337,-0.0002615,-0.2606225,104.6
71257,89,71301,1549.764076,-0.0002735,-0.2608835,104.7
71346,86,71389,1549.763802,-0.000294,-0.2611575,104.8
71432,88,71476,1549.763508,-0.0003005,-0.2614515,104.9
71520,86,71563,1549.763208,-0.00028,-0.2617515,105
71606,87,71649,1549.762928,-0.000304,-0.2620315,105.1
71693,88,71737,1549.762624,-0.0003115,-0.2623355,105.2
71781,88,71825,1549.762312,-0.0003305,-0.2626475,105.3
71869,87,71912,1549.761981,-0.0003335,-0.2629785,105.4
71956,89,72000,1549.761648,-0.0003565,-0.2633115,105.5
72045,89,72089,1549.761291,-0.000335,-0.2636685,105.6
72134,90,72179,1549.760956,-0.00032,-0.2640035,105.7
72224,88,72268,1549.760637,-0.0003375,-0.2643225,105.8
72312,87,72355,1549.760299,-0.000369,-0.2646605,105.9
72399,89,72443,1549.75993,-0.000335,-0.2650295,106
72488,90,72533,1549.759595,-0.0003145,-0.2653645,106.1
72578,88,72622,1549.75928,-0.000294,-0.2656795,106.2
72666,88,72710,1549.758986,-0.0003045,-0.2659735,106.3
72754,87,72797,1549.758682,-0.0003015,-0.2662775,106.4
72841,90,72886,1549.75838,-0.000301,-0.2665795,106.5
72931,88,72975,1549.75808,-0.0002835,-0.2668795,106.6
73019,91,73064,1549.757796,-0.0002595,-0.2671635,106.7
73110,88,73154,1549.757536,-0.0002515,-0.2674235,106.8
73198,90,73243,1549.757285,-0.000258,-0.2676745,106.9
73288,90,73333,1549.757027,-0.000252,-0.2679325,107
73378,91,73423,1549.756775,-0.0002395,-0.2681845,107.1
73469,88,73513,1549.756535,-0.0002215,-0.2684245,107.2
73557,91,73602,1549.756314,0.000934,-0.2686455,107.3
73648,89,73692,1549.757248,-0.000283,-0.2677115,107.4
73737,90,73782,1549.756965,-0.000276,-0.2679945,107.5
73827,89,73871,1549.756689,-0.000255,-0.2682705,107.6
73916,88,73960,1549.756434,-0.000229,-0.2685255,107.7
74004,89,74048,1549.756205,-0.0002635,-0.2687545,107.8
74093,91,74138,1549.755941,-0.0003005,-0.2690185,107.9
74184,91,74229,1549.755641,-0.0002845,-0.2693185,108
74275,93,74321,1549.755356,-0.000251,-0.2696035,108.1
74368,91,74413,1549.755105,-0.0002265,-0.2698545,108.2
74459,93,74505,1549.754879,-0.000255,-0.2700805,108.3
74552,90,74597,1549.754624,-0.0002905,-0.2703355,108.4
74642,89,74686,1549.754333,-0.000292,-0.2706265,108.5
74731,91,74776,1549.754041,-0.000261,-0.2709185,108.6
74822,90,74867,1549.75378,-0.000241,-0.2711795,108.7
74912,92,74958,1549.75354,-0.000259,-0.2714195,108.8
75004,91,75049,1549.753281,-0.000297,-0.2716785,108.9
75095,92,75141,1549.752984,-0.000286,-0.2719755,109
75187,90,75232,1549.752698,-0.000255,-0.2722615,109.1
75277,91,75322,1549.752443,-0.000229,-0.2725165,109.2
75368,91,75413,1549.752213,-0.0002405,-0.2727465,109.3
75459,91,75504,1549.751973,-0.0002825,-0.2729865,109.4
75550,89,75594,1549.751691,-0.000293,-0.2732685,109.5
75639,92,75685,1549.751398,-0.0002655,-0.2735615,109.6
75731,91,75776,1549.751132,-0.000244,-0.2738275,109.7
75822,92,75868,1549.750888,-0.0002535,-0.2740715,109.8
75914,92,75960,1549.750634,-0.0003115,-0.2743255,109.9
76006,92,76052,1549.750323,-0.000306,-0.2746365,110
76098,91,76143,1549.750017,-0.0002825,-0.2749425,110.1
76189,92,76235,1549.749734,-0.0002445,-0.2752255,110.2
76281,91,76326,1549.74949,-0.000251,-0.2754695,110.3
76372,91,76417,1549.749239,-0.0002945,-0.2757205,110.4
76463,92,76509,1549.748945,-0.000296,-0.2760145,110.5
76555,93,76601,1549.748649,-0.000272,-0.2763105,110.6
76648,92,76694,1549.748377,-0.0002555,-0.2765825,110.7
76740,94,76787,1549.748121,-0.0002495,-0.2768385,110.8
76834,92,76880,1549.747871,-0.00029,-0.2770885,110.9
76926,95,76973,1549.747581,-0.0002935,-0.2773785,111
77021,92,77067,1549.747288,-0.000276,-0.2776715,111.1
77113,94,77160,1549.747012,-0.000249,-0.2779475,111.2
77207,95,77254,1549.746763,-0.0002375,-0.2781965,111.3
77302,94,77349,1549.746526,-0.0002695,-0.2784335,111.4
77396,94,77443,1549.746256,-0.000279,-0.2787035,111.5
77490,95,77537,1549.745977,-0.000275,-0.2789825,111.6
77585,94,77632,1549.745702,-0.000255,-0.2792575,111.7
77679,94,77726,1549.745447,-0.000244,-0.2795125,111.8
77773,93,77819,1549.745203,-0.000277,-0.2797565,111.9
77866,93,77912,1549.744926,-0.0002905,-0.2800335,112
77959,96,78007,1549.744636,-0.0002795,-0.2803235,112.1
78055,95,78102,1549.744356,-0.000264,-0.2806035,112.2
78150,96,78198,1549.744092,-0.000245,-0.2808675,112.3
78246,96,78294,1549.743847,-0.0002695,-0.2811125,112.4
78342,94,78389,1549.743577,-0.000283,-0.2813825,112.5
78436,96,78484,1549.743294,-0.0002795,-0.2816655,112.6
78532,96,78580,1549.743015,-0.0002605,-0.2819445,112.7
78628,95,78675,1549.742755,-0.0002445,-0.2822045,112.8
78723,98,78772,1549.74251,-0.0002675,-0.2824495,112.9
78821,93,78867,1549.742243,-0.0002865,-0.2827165,113
78914,96,78962,1549.741956,-0.0002815,-0.2830035,113.1
79010,93,79056,1549.741674,-0.0002665,-0.2832855,113.2
79103,97,79151,1549.741408,-0.000252,-0.2835515,113.3
79200,98,79249,1549.741156,-0.0002675,-0.2838035,113.4
79298,97,79346,1549.740889,-0.000283,-0.2840705,113.5
79395,94,79442,1549.740606,-0.000282,-0.2843535,113.6
79489,95,79536,1549.740324,-0.0002625,-0.2846355,113.7
79584,95,79631,1549.740061,-0.0002475,-0.2848985,113.8
79679,95,79726,1549.739813,-0.000266,-0.2851465,113.9
79774,97,79822,1549.739547,-0.0002775,-0.2854125,114
79871,94,79918,1549.73927,-0.0002705,-0.2856895,114.1
79965,97,80013,1549.739,-0.0002565,-0.2859595,114.2
80062,95,80109,1549.738743,-0.000246,-0.2862165,114.3
80157,96,80205,1549.738497,-0.000257,-0.2864625,114.4
80253,95,80300,1549.73824,-0.0002745,-0.2867195,114.5
80348,95,80395,1549.737965,-0.000277,-0.2869945,114.6
80443,93,80489,1549.737688,-0.0002605,-0.2872715,114.7
80536,96,80584,1549.737428,-0.00025,-0.2875315,114.8
80632,96,80680,1549.737178,-0.0002545,-0.2877815,114.9
80728,94,80775,1549.736923,-0.0002745,-0.2880365,115
80822,96,80870,1549.736649,-0.0002515,-0.2883105,115.1
80918,95,80965,1549.736397,-0.000244,-0.2885625,115.2
81013,95,81060,1549.736154,-0.0002395,-0.2888055,115.3
81108,93,81154,1549.735914,-0.000246,-0.2890455,115.4
81201,95,81248,1549.735668,-0.000268,-0.2892915,115.5
81296,96,81344,1549.7354,-0.000274,-0.2895595,115.6
81392,95,81439,1549.735126,-0.0002635,-0.2898335,115.7
81487,97,81535,1549.734863,-0.000256,-0.2900965,115.8
81584,97,81632,1549.734606,-0.000253,-0.2903535,115.9
81681,96,81729,1549.734353,-0.0002585,-0.2906065,116
81777,96,81825,1549.734095,-0.000257,-0.2908645,116.1
81873,100,81923,1549.733838,-0.0002485,-0.2911215,116.2
81973,95,82020,1549.73359,-0.0002445,-0.2913695,116.3
82068,98,82117,1549.733345,-0.000241,-0.2916145,116.4
82166,97,82214,1549.733104,-0.000235,-0.2918555,116.5
82263,100,82313,1549.732869,-0.00026,-0.2920905,116.6
82363,100,82413,1549.732609,-0.000254,-0.2923505,116.7
82463,98,82512,1549.732355,-0.000249,-0.2926045,116.8
82561,100,82611,1549.732106,-0.000241,-0.2928535,116.9
82661,99,82710,1549.731865,-0.000236,-0.2930945,117
82760,97,82808,1549.731629,-0.0002525,-0.2933305,117.1
82857,99,82906,1549.731377,-0.000252,-0.2935825,117.2
82956,99,83005,1549.731125,-0.000267,-0.2938345,117.3
83055,98,83104,1549.730858,-0.0002505,-0.2941015,117.4
83153,100,83203,1549.730607,-0.0002325,-0.2943525,117.5
83253,100,83303,1549.730375,-0.0002455,-0.2945845,117.6
83353,99,83402,1549.730129,-0.000265,-0.2948305,117.7
83452,99,83501,1549.729864,-0.0002615,-0.2950955,117.8
83551,98,83600,1549.729602,-0.0002655,-0.2953575,117.9
83649,100,83699,1549.729337,-0.0002465,-0.2956225,118
83749,99,83798,1549.729091,-0.0002555,-0.2958685,118.1
83848,99,83897,1549.728835,-0.0002775,-0.2961245,118.2
83947,100,83997,1549.728557,-0.0002885,-0.2964025,118.3
84047,98,84096,1549.728269,-0.000284,-0.2966905,118.4
84145,102,84196,1549.727985,-0.0002525,-0.2969745,118.5
84247,99,84296,1549.727732,-0.0002445,-0.2972275,118.6
84346,99,84395,1549.727488,-0.000261,-0.2974715,118.7
84445,101,84495,1549.727227,-0.0002625,-0.2977325,118.8
84546,103,84597,1549.726965,-0.0002595,-0.2979945,118.9
84649,101,84699,1549.726705,-0.000246,-0.2982545,119
84750,101,84800,1549.726459,-0.00025,-0.2985005,119.1
84851,100,84901,1549.726209,-0.0002545,-0.2987505,119.2
84951,102,85002,1549.725955,-0.0003955,-0.2990045,119.3
85053,101,85103,1549.725559,-0.0002265,-0.2994005,119.4
85154,100,85204,1549.725333,-0.0002505,-0.2996265,119.5
85254,100,85304,1549.725082,-0.0002105,-0.2998775,119.6
85354,100,85404,1549.724871,-0.0002165,-0.3000885,119.7
85454,98,85503,1549.724655,-0.0002645,-0.3003045,119.8
85552,101,85602,1549.72439,-0.000264,-0.3005695,119.9
85653,100,85703,1549.724126,-0.0002545,-0.3008335,120
85753,100,85803,1549.723872,-0.000246,-0.3010875,120.1
85853,98,85902,1549.723626,-0.000254,-0.3013335,120.2
85951,99,86000,1549.723372,-0.000284,-0.3015875,120.3
86050,97,86098,1549.723088,-0.000293,-0.3018715,120.4
86147,102,86198,1549.722795,-0.0002655,-0.3021645,120.5
86249,99,86298,1549.722529,-0.0002525,-0.3024305,120.6
86348,100,86398,1549.722277,-0.0002485,-0.3026825,120.7
86448,99,86497,1549.722029,-0.0002705,-0.3029305,120.8
86547,99,86596,1549.721758,-0.000279,-0.3032015,120.9
86646,100,86696,1549.721479,-0.000266,-0.3034805,121
86746,98,86795,1549.721213,-0.000257,-0.3037465,121.1
86844,101,86894,1549.720956,-0.0002605,-0.3040035,121.2
86945,101,86995,1549.720696,-0.000276,-0.3042635,121.3
87046,100,87096,1549.72042,-0.000287,-0.3045395,121.4
87146,102,87197,1549.720132,-0.000276,-0.3048275,121.5
87248,104,87300,1549.719857,-0.000267,-0.3051025,121.6
87352,100,87402,1549.71959,-0.000264,-0.3053695,121.7
87452,102,87503,1549.719326,-0.0002685,-0.3056335,121.8
87554,101,87604,1549.719057,-0.000276,-0.3059025,121.9
87655,102,87706,1549.718781,-0.000275,-0.3061785,122
87757,102,87808,1549.718506,-0.0002645,-0.3064535,122.1
87859,103,87910,1549.718241,-0.0002625,-0.3067185,122.2
87962,100,88012,1549.717979,-0.000259,-0.3069805,122.3
88062,103,88113,1549.71772,-0.0002735,-0.3072395,122.4
88165,101,88215,1549.717447,-0.0002755,-0.3075125,122.5
88266,104,88318,1549.717171,-0.00027,-0.3077885,122.6
88370,104,88422,1549.716901,-0.0002655,-0.3080585,122.7
88474,104,88526,1549.716635,-0.0002585,-0.3083245,122.8
88578,104,88630,1549.716377,-0.0002705,-0.3085825,122.9
88682,106,88735,1549.716107,-0.0002735,-0.3088525,123
88788,102,88839,1549.715833,-0.0002445,-0.3091265,123.1
88890,105,88942,1549.715589,-0.0002465,-0.3093705,123.2
88995,101,89045,1549.715342,-0.000234,-0.3096175,123.3
89096,105,89148,1549.715108,-0.0002525,-0.3098515,123.4
89201,102,89252,1549.714856,-0.0002585,-0.3101035,123.5
89303,106,89356,1549.714597,-0.00025,-0.3103625,123.6
89409,102,89460,1549.714347,-0.000248,-0.3106125,123.7
89511,106,89564,1549.714099,-0.000239,-0.3108605,123.8
89617,105,89669,1549.71386,-0.0002625,-0.3110995,123.9
89722,107,89775,1549.713597,-0.000276,-0.3113625,124
89829,105,89881,1549.713322,-0.000253,-0.3116375,124.1
89934,105,89986,1549.713069,-0.0002405,-0.3118905,124.2
90039,104,90091,1549.712828,-0.0002375,-0.3121315,124.3
90143,106,90196,1549.71259,-0.000248,-0.3123695,124.4
90249,104,90301,1549.712342,-0.0002775,-0.3126175,124.5
90353,106,90406,1549.712065,-0.000258,-0.3128945,124.6
90459,103,90510,1549.711807,-0.0002535,-0.3131525,124.7
90562,107,90615,1549.711553,-0.000249,-0.3134065,124.8
90669,106,90722,1549.711304,-0.000248,-0.3136555,124.9
90775,106,90828,1549.711056,-0.0002845,-0.3139035,125
90881,107,90934,1549.710772,-0.000267,-0.3141875,125.1
90988,104,91040,1549.710505,-0.0002375,-0.3144545,125.2
91092,106,91145,1549.710267,-0.000239,-0.3146925,125.3
91198,106,91251,1549.710028,-0.000241,-0.3149315,125.4
91304,105,91356,1549.709788,-0.0002695,-0.3151715,125.5
91409,106,91462,1549.709518,-0.000265,-0.3154415,125.6
91515,107,91568,1549.709253,-0.0002485,-0.3157065,125.7
91622,107,91675,1549.709004,-0.0002435,-0.3159555,125.8
91729,110,91784,1549.708761,-0.0002505,-0.3161985,125.9
91839,107,91892,1549.708511,-0.000274,-0.3164485,126
91946,108,92000,1549.708237,-0.0002885,-0.3167225,126.1
92054,109,92108,1549.707948,-0.000255,-0.3170115,126.2
92163,109,92217,1549.707693,-0.000246,-0.3172665,126.3
92272,108,92326,1549.707447,-0.000254,-0.3175125,126.4
92380,108,92434,1549.707193,-0.00027,-0.3177665,126.5
92488,107,92541,1549.706923,-0.0002885,-0.3180365,126.6
92595,109,92649,1549.706635,-0.0002665,-0.3183245,126.7
92704,109,92758,1549.706368,-0.000248,-0.3185915,126.8
92813,108,92867,1549.70612,-0.000239,-0.3188395,126.9
92921,107,92974,1549.705881,-0.0002615,-0.3190785,127
93028,109,93082,1549.70562,-0.000281,-0.3193395,127.1
93137,109,93191,1549.705339,-0.0002705,-0.3196205,127.2
93246,107,93299,1549.705068,-0.000248,-0.3198915,127.3
93353,108,93407,1549.70482,-0.0002375,-0.3201395,127.4
93461,108,93515,1549.704583,-0.000249,-0.3203765,127.5
93569,106,93622,1549.704334,-0.0002735,-0.3206255,127.6
93675,110,93730,1549.70406,-0.0002745,-0.3208995,127.7
93785,106,93838,1549.703785,-0.000249,-0.3211745,127.8
93891,111,93946,1549.703536,-0.000229,-0.3214235,127.9
94002,109,94056,1549.703308,-0.0002315,-0.3216515,128
94111,110,94166,1549.703076,-0.0002535,-0.3218835,128.1
94221,108,94275,1549.702822,-0.0002775,-0.3221375,128.2
94329,110,94384,1549.702545,-0.000257,-0.3224145,128.3
94439,108,94493,1549.702288,-0.000237,-0.3226715,128.4
94547,109,94601,1549.702051,-0.0002275,-0.3229085,128.5
94656,110,94711,1549.701823,-0.000242,-0.3231365,128.6
94766,105,94818,1549.701582,-0.0002645,-0.3233775,128.7
94871,109,94925,1549.701317,-0.0002725,-0.3236425,128.8
94980,108,95034,1549.701045,-0.000248,-0.3239145,128.9
95088,109,95142,1549.700796,-0.0002395,-0.3241635,129
95197,107,95250,1549.700557,-0.0002395,-0.3244025,129.1
95304,110,95359,1549.700318,-0.0002615,-0.3246415,129.2
95414,106,95467,1549.700056,-0.000284,-0.3249035,129.3
95520,109,95574,1549.699772,-0.000268,-0.3251875,129.4
95629,108,95683,1549.699504,-0.0002375,-0.3254555,129.5
95737,109,95791,1549.699267,-0.0002305,-0.3256925,129.6
95846,108,95900,1549.699036,-0.000246,-0.3259235,129.7
95954,110,96009,1549.69879,-0.000268,-0.3261695,129.8
96064,108,96118,1549.698522,-0.000265,-0.3264375,129.9
96172,109,96226,1549.698257,-0.000254,-0.3267025,130
96281,108,96335,1549.698003,-0.0002385,-0.3269565,130.1
96389,109,96443,1549.697764,-0.0002535,-0.3271955,130.2
96498,109,96552,1549.697511,-0.0002645,-0.3274485,130.3
96607,111,96662,1549.697247,-0.0002865,-0.3277125,130.4
96718,106,96771,1549.69696,-0.000269,-0.3279995,130.5
96824,110,96879,1549.696691,-0.0002495,-0.3282685,130.6
96934,107,96987,1549.696441,-0.0002495,-0.3285185,130.7
97041,107,97094,1549.696192,-0.0002575,-0.3287675,130.8
97148,109,97202,1549.695935,-0.000289,-0.3290245,130.9
97257,110,97312,1549.695645,-0.0002785,-0.3293145,131
97367,108,97421,1549.695367,-0.000259,-0.3295925,131.1
97475,110,97530,1549.695108,-0.0002455,-0.3298515,131.2
97585,110,97640,1549.694862,-0.0002435,-0.3300975,131.3
97695,111,97750,1549.694619,-0.00027,-0.3303405,131.4
97806,110,97861,1549.694349,-0.0002705,-0.3306105,131.5
97916,110,97971,1549.694079,-0.0002575,-0.3308805,131.6
98026,107,98079,1549.693821,-0.0002355,-0.3311385,131.7
98133,109,98187,1549.693585,-0.0002325,-0.3313745,131.8
98242,109,98296,1549.693353,-0.0002415,-0.3316065,131.9
98351,110,98406,1549.693112,-0.000252,-0.3318475,132
98461,110,98516,1549.692859,-0.0002495,-0.3321005,132.1
98571,110,98626,1549.69261,-0.000234,-0.3323495,132.2
98681,109,98735,1549.692376,-0.0002265,-0.3325835,132.3
98790,108,98844,1549.692149,-0.0002265,-0.3328105,132.4
98898,110,98953,1549.691923,-0.0002485,-0.3330365,132.5
99008,110,99063,1549.691675,-0.000252,-0.3332845,132.6
99118,110,99173,1549.691422,-0.000242,-0.3335375,132.7
99228,109,99282,1549.691181,-0.0002265,-0.3337785,132.8
99337,111,99392,1549.690954,-0.000231,-0.3340055,132.9
99448,107,99501,1549.690723,-0.000234,-0.3342365,133
99555,111,99610,1549.690489,-0.0002625,-0.3344705,133.1
99666,109,99720,1549.690227,-0.000258,-0.3347325,133.2
99775,110,99830,1549.689968,-0.0002435,-0.3349915,133.3
99885,113,99941,1549.689725,-0.0002425,-0.3352345,133.4
99998,109,100052,1549.689483,-0.000235,-0.3354765,133.5
100107,110,100162,1549.689247,-0.000252,-0.3357125,133.6
100217,111,100272,1549.688995,-0.000265,-0.3359645,133.7
100328,112,100384,1549.688731,-0.000242,-0.3362285,133.8
100440,111,100495,1549.688489,-0.000241,-0.3364705,133.9
100551,110,100606,1549.688247,-0.0002335,-0.3367125,134
100661,113,100717,1549.688014,-0.0002405,-0.3369455,134.1
100774,111,100829,1549.687774,-0.0002665,-0.3371855,134.2
100885,114,100942,1549.687507,-0.0002635,-0.3374525,134.3
100999,112,101055,1549.687243,-0.000257,-0.3377165,134.4
101111,115,101168,1549.686986,-0.0002485,-0.3379735,134.5
101226,112,101282,1549.686738,-0.000252,-0.3382215,134.6
101338,114,101395,1549.686486,-0.0002665,-0.3384735,134.7
101452,113,101508,1549.686219,-0.0002725,-0.3387405,134.8
101565,114,101622,1549.685947,-0.0002565,-0.3390125,134.9
101679,111,101734,1549.68569,-0.0002645,-0.3392695,135
101790,116,101848,1549.685426,-0.000257,-0.3395335,135.1
101906,113,101962,1549.685169,-0.0002705,-0.3397905,135.2
102019,115,102076,1549.684899,-0.0002925,-0.3400605,135.3
102134,114,102191,1549.684606,-0.0002845,-0.3403535,135.4
102248,112,102304,1549.684322,-0.0002695,-0.3406375,135.5
102360,115,102417,1549.684052,-0.000268,-0.3409075,135.6
102475,114,102532,1549.683784,-0.0002725,-0.3411755,135.7
102589,115,102646,1549.683512,-0.000272,-0.3414475,135.8
102704,115,102761,1549.683239,-0.000258,-0.3417205,135.9
102819,115,102876,1549.682982,-0.0002515,-0.3419775,136
102934,112,102990,1549.68273,-0.0002525,-0.3422295,136.1
103046,116,103104,1549.682477,-0.0002535,-0.3424825,136.2
103162,114,103219,1549.682224,-0.0002555,-0.3427355,136.3
103276,117,103334,1549.681968,-0.000254,-0.3429915,136.4
103393,112,103449,1549.681715,-0.0002485,-0.3432445,136.5
103505,116,103563,1549.681466,-0.0002495,-0.3434935,136.6
103621,112,103677,1549.681216,-0.000245,-0.3437435,136.7
103733,109,103787,1549.680972,-0.0002605,-0.3439875,136.8
103842,113,103898,1549.680711,-0.0002465,-0.3442485,136.9
103955,115,104012,1549.680464,-0.0002425,-0.3444955,137
104070,110,104125,1549.680222,-0.000235,-0.3447375,137.1
104180,116,104238,1549.679987,-0.0002485,-0.3449725,137.2
104296,115,104353,1549.679738,-0.0002445,-0.3452215,137.3
104411,115,104468,1549.679494,-0.000251,-0.3454655,137.4
104526,113,104582,1549.679243,-0.000243,-0.3457165,137.5
104639,116,104697,1549.679,-0.0002465,-0.3459595,137.6
104755,112,104811,1549.678753,-0.000251,-0.3462065,137.7
104867,113,104923,1549.678503,-0.000251,-0.3464565,137.8
104980,112,105036,1549.678252,-0.0002525,-0.3467075,137.9
105092,116,105150,1549.677999,-0.000242,-0.3469605,138
105208,115,105265,1549.677757,-0.000236,-0.3472025,138.1
105323,119,105382,1549.677521,-0.000245,-0.3474385,138.2
105442,116,105500,1549.677276,-0.000254,-0.3476835,138.3
105558,120,105618,1549.677022,-0.000243,-0.3479375,138.4
105678,116,105736,1549.676779,-0.000244,-0.3481805,138.5
105794,117,105852,1549.676535,-0.0002385,-0.3484245,138.6
105911,119,105970,1549.676296,-0.0002475,-0.3486635,138.7
106030,117,106088,1549.676049,-0.000261,-0.3489105,138.8
106147,115,106204,1549.675788,-0.0002665,-0.3491715,138.9
106262,120,106322,1549.675522,-0.0002605,-0.3494375,139
106382,117,106440,1549.675261,-0.0002565,-0.3496985,139.1
106499,118,106558,1549.675004,-0.0002455,-0.3499555,139.2
106617,118,106676,1549.674759,-0.000259,-0.3502005,139.3
106735,118,106794,1549.6745,-0.0002695,-0.3504595,139.4
106853,118,106912,1549.674231,-0.000259,-0.3507285,139.5
106971,116,107029,1549.673971,-0.0002405,-0.3509885,139.6
107087,119,107146,1549.673731,-0.000241,-0.3512285,139.7
107206,117,107264,1549.67349,-0.000297,-0.3514695,139.8
107323,0,107439,1549.673193,0,-0.3517665,139.9
